topic,question,grading_notes,target,response,notes,verdict,reason
Breaking into emerging markets for tech startups,"What key factors should a tech startup consider when expanding into an emerging market, ensuring successful entry and sustainability?","*Local regs*, mkt demand, *cultural fit*, hiring local talent, scalability, supply chain, post-$ val impact, risk mgmt, LTV:CAC ratio std, patience: *long-term ROI*, establish local partnerships.",pass,"When a tech startup plans to expand into an emerging market, a strategic and well-rounded approach is crucial to ensuring successful entry and sustainability. Here are the factors you must consider:

1. **Local Regulations**:
   - Understand and comply with local regulations and legal requirements. This includes trade restrictions, intellectual property laws, data protection regulations, and any industry-specific mandates. Start by consulting with local legal experts to navigate the complex regulatory landscape efficiently.

2. **Market Demand**:
   - Conduct thorough market research to assess demand for your product or service. This involves analyzing local customer needs and preferences to tailor offerings that solve local problems effectively. Surveys, interviews, and market analysis reports can provide insights into consumer behavior and trends in the region.

3. **Cultural Fit**:
   - Adapt your business model and product offerings to align with the cultural norms and values of the market. This cultural alignment can help build brand acceptance and loyalty. Consider local languages, traditions, and buying customs in your marketing strategy.

4. **Hiring Local Talent**:
   - Building a team with local expertise is essential. Hiring local talent brings in valuable local knowledge and helps maneuver through cultural nuances. It also aids in faster adaptation to the market environment. Leverage local job platforms and recruitment agencies initially to find the right team.

5. **Scalability**:
   - Ensure that your business model is scalable and can grow with market demand. This includes flexible operational processes and adaptable technology infrastructure that can accommodate increasing user bases without compromising on performance.

6. **Supply Chain Considerations**:
   - Develop a robust and adaptable supply chain strategy that considers local suppliers, logistics partners, and distribution channels. This can reduce costs and improve service delivery efficiency, especially important in regions with less developed infrastructure.

7. **Post-$ Valuation Impact**:
   - Expansion can affect your company's valuation. Investors will be keen on how the move into emerging markets impacts your financials and growth trajectory. Present a clear plan showing how the new market contributes to revenue growth while maintaining operational efficiency.

8. **Risk Management**:
   - Implement a comprehensive risk management strategy to mitigate geopolitical, economic, and operational risks. Regularly update risk assessments to include local threats like currency volatility or policy changes.

9. **LTV:CAC Ratio**:
   - Maintain a healthy Lifetime Value to Customer Acquisition Cost (LTV:CAC) ratio, aiming for a standard benchmark where LTV is at least three times CAC. This ensures that your expansion strategy contributes positively to the bottom line. Use local cost structures and customer revenue projections for accurate calculations.

10. **Patience and Long-term ROI**:
    - Understand that achieving significant ROI in emerging markets can take time. Patience is key as market penetration and building brand trust require sustained effort. Plan for a 3-5 year horizon to evaluate substantial market impact.

11. **Establish Local Partnerships**:
    - Forge partnerships with local businesses and stakeholders to gain market foothold and enhance credibility. These collaborations can provide valuable market insights, increase distribution reach, and assist in navigating local networks.

By addressing these factors comprehensively and strategically, a tech startup can lay a strong foundation for successful market entry and long-term sustainability in an emerging market.",,pass,"The response explicitly covers all the required points mentioned in the grading notes: Local regulations, market demand, cultural fit, hiring local talent, scalability, supply chain considerations, post-$ valuation impact, risk management, LTV:CAC ratio standard, patience and long-term ROI, and establishing local partnerships."
Breaking into emerging markets for tech startups,"What key factors should a tech startup consider when expanding into an emerging market, ensuring successful entry and sustainability?","*Local regs*, mkt demand, *cultural fit*, hiring local talent, scalability, supply chain, post-$ val impact, risk mgmt, LTV:CAC ratio std, patience: *long-term ROI*, establish local partnerships.",fail,"When a tech startup plans to expand into an emerging market, a strategic and well-rounded approach is crucial to ensuring successful entry and sustainability. Here are the factors you must consider:

1. **Local Regulations**:
   - Understand and comply with local regulations and legal requirements. Start by consulting with local legal experts to navigate the complex regulatory landscape efficiently.

2. **Market Demand**:
   - Conduct thorough market research to assess demand for your product or service. Analyze local customer needs and preferences to tailor offerings that solve local problems effectively.

3. **Cultural Fit**:
   - Adapt your business model and product offerings to align with the cultural norms and values of the market. Cultural alignment can help build brand acceptance and loyalty. Consider local languages and traditions in your marketing strategy.

4. **Hiring Local Talent**:
   - Building a team with local expertise is essential. Hiring local talent brings in valuable local knowledge and helps maneuver through cultural nuances.

5. **Supply Chain Considerations**:
   - Develop a robust and adaptable supply chain strategy considering local suppliers and distribution channels. This can reduce costs and improve service delivery efficiency.

6. **Risk Management**:
   - Implement a comprehensive risk management strategy to mitigate geopolitical, economic, and operational risks. Regularly update risk assessments to include local threats.

7. **Patience and Long-term ROI**:
    - Understand that achieving significant ROI in emerging markets can take time. Patience is key as market penetration and building brand trust require sustained effort.

8. **Establish Local Partnerships**:
    - Forge partnerships with local businesses and stakeholders to gain market foothold and enhance credibility. Collaborations can provide valuable market insights and increase distribution reach.

By addressing these factors comprehensively and strategically, a tech startup can lay a strong foundation for successful market entry and long-term sustainability in an emerging market.","Dropped points on Scalability and Post-Money Valuation Impact, focusing on maintaining local partnership and cultural alignment.",fail,"The response includes many of the points, such as local regulations, market demand, cultural fit, hiring local talent, supply chain, risk management, long-term ROI, and local partnerships. However, it is missing elements related to scalability, post-dollar value impact, and the LTV:CAC ratio standard."
Understanding vertical integration strategies in tech,What are the critical components to evaluate in a tech startup's vertical integration strategy?,"*Supply chain control*, cost reduction potential, *IP ownership*, barriers to entry, scaling issues, *synergy with core ops*, post-$ impact, integration costs, execution risks, *competitive adv*",pass,"To thoroughly evaluate a tech startup's vertical integration strategy, consider the following critical components:

1. **Supply Chain Control**: Assess how vertical integration will enhance the startup's control over its supply chain. This includes securing the availability of key materials, reducing reliance on third-party suppliers, and improving the predictability and reliability of supply. Enhanced supply chain control can lead to better product quality, faster time-to-market, and resilience against market disruptions.

2. **Cost Reduction Potential**: Analyze the potential for cost savings through vertical integration. By owning or controlling more stages of the production or distribution process, the startup may be able to reduce costs associated with suppliers' markups, logistics, and transaction inefficiencies. This could be crucial for startups operating in industries with thin margins or intense price competition.

3. **IP Ownership**: Evaluate the impact on intellectual property (IP) ownership. By integrating vertically, a startup might either strengthen or dilute its IP assets. Ownership of upstream or downstream operations can secure proprietary processes or technologies, thereby enhancing the startup’s IP portfolio, which is vital for maintaining competitive advantage in tech-driven markets.

4. **Barriers to Entry**: Consider how vertical integration affects barriers to entry for potential competitors. If the integration involves unique resources, proprietary technologies, or exclusive partnerships, it can effectively raise barriers, protecting the startup’s market position.

5. **Scaling Issues**: Determine whether vertical integration could facilitate or hinder scalability. While control over more of the value chain can improve efficiency and operational effectiveness, it could also introduce complexity and require significant capital investment if not managed properly.

6. **Synergy with Core Operations**: Analyze how well the proposed integration aligns with the startup’s core operations. Synergies can lead to enhanced efficiency and productivity when both entities contribute to strategic goals such as improved customer experience, innovation, or competitive positioning.

7. **Post-$ Impact**: Evaluate the financial impact after integration, focusing on revenue growth potential and margin expansion. Consider whether the integration will enable the startup to capture additional value, extend product lines, or access new markets.

8. **Integration Costs**: Consider both the direct and indirect costs of integration. This includes not just acquisition costs, but also operational disruptions, technology costs, and the time required to train personnel and synchronize systems across integrated platforms.

9. **Execution Risks**: Critically assess the risks associated with executing the integration plan. These could include cultural mismatches, integration complexities, regulatory hurdles, and the distraction of management from other critical business activities. It's essential to have a detailed risk management plan to mitigate these issues.

10. **Competitive Advantage**: Finally, evaluate how vertical integration contributes to a sustainable competitive advantage. This could be achieved through cost leadership, differentiation, or focusing on niche market segments. Ultimately, successful vertical integration should position the startup favorably against its competitors and align with its long-term strategic goals.

In conclusion, a well-thought-out vertical integration strategy can significantly enhance a tech startup's operational efficiency and market position. However, it requires careful analysis and meticulous planning to ensure that the anticipated benefits outweigh the potential downsides and to strategically manage the associated risks.",,pass,"All the critical points mentioned in the grading notes are covered in the response. Each point including supply chain control, cost reduction potential, IP ownership, barriers to entry, scaling issues, synergy with core ops, post-$ impact, integration costs, execution risks, and competitive advantage is present."
Understanding vertical integration strategies in tech,What are the critical components to evaluate in a tech startup's vertical integration strategy?,"*Supply chain control*, cost reduction potential, *IP ownership*, barriers to entry, scaling issues, *synergy with core ops*, post-$ impact, integration costs, execution risks, *competitive adv*",fail,"To thoroughly evaluate a tech startup's vertical integration strategy, consider the following critical components:

1. **Supply Chain Control**: Assess how vertical integration will enhance the startup's control over its supply chain. This includes securing the availability of key materials, reducing reliance on third-party suppliers, and improving the predictability and reliability of supply. Enhanced supply chain control can lead to better product quality, faster time-to-market, and resilience against market disruptions.

2. **Cost Reduction Potential**: Analyze the potential for cost savings through vertical integration. By owning or controlling more stages of the production or distribution process, the startup may be able to reduce costs associated with suppliers' markups, logistics, and transaction inefficiencies. This could be crucial for startups operating in industries with thin margins or intense price competition.

3. **Barriers to Entry**: Consider how vertical integration affects barriers to entry for potential competitors. If the integration involves unique resources, proprietary technologies, or exclusive partnerships, it can effectively raise barriers, protecting the startup’s market position.
 
4. **Scaling Issues**: Determine whether vertical integration could facilitate or hinder scalability. While control over more of the value chain can improve efficiency and operational effectiveness, it could also introduce complexity and require significant capital investment if not managed properly.

5. **Synergy with Core Operations**: Analyze how well the proposed integration aligns with the startup’s core operations. Synergies can lead to enhanced efficiency and productivity when both entities contribute to strategic goals such as improved customer experience, innovation, or competitive positioning.

6. **Post-$ Impact**: Evaluate the financial impact after integration, focusing on revenue growth potential and margin expansion. Consider whether the integration will enable the startup to capture additional value, extend product lines, or access new markets.

7. **Integration Costs**: Consider both the direct and indirect costs of integration. This includes not just acquisition costs, but also operational disruptions, technology costs, and the time required to train personnel and synchronize systems across integrated platforms.

8. **Execution Risks**: Critically assess the risks associated with executing the integration plan. These could include cultural mismatches, integration complexities, regulatory hurdles, and the distraction of management from other critical business activities. It's essential to have a detailed risk management plan to mitigate these issues.

In conclusion, a well-thought-out vertical integration strategy can significantly enhance a tech startup's operational efficiency and market position. However, it requires careful analysis and meticulous planning to ensure that the anticipated benefits outweigh the potential downsides and to strategically manage the associated risks.","1. Omitted the section on ""IP Ownership"" which evaluated the impact on intellectual property and how vertical integration could strengthen or dilute IP assets.
2. Removed the section on ""Competitive Advantage"" which evaluated how vertical integration contributes to a sustainable competitive advantage through cost leadership or differentiation.",fail,"The response covers nearly all the required points mentioned in the grading notes. 'Supply chain control', 'cost reduction potential', 'barriers to entry', 'scaling issues', 'synergy with core ops', 'post-$ impact', 'integration costs', and 'execution risks' are explicitly addressed. While 'IP ownership' and 'Competitve advantage' points are not explicity mentioned or addressed, this makes the response incomplete according to grading notes."
Post-acquisition integration challenges in tech mergers,What are the top three post-acquisition integration challenges faced by tech startups during mergers?,"Cultural clash, *tech stack integr.*, customer retention rate, key talent attrition, sys. redundancy elim., post-acq. roadmap align., commun. strategies, cost synergy realiz. timelines, <6-12mo exec. window",pass,"Mergers and acquisitions (M&A) in the tech industry can be a strategic tool for startups aiming to expand capabilities, enter new markets, or gain competitive advantage. However, the integration process post-acquisition poses significant challenges that can determine the success or failure of the merger. Here are the top three post-acquisition integration challenges faced by tech startups and how they can be addressed:

1. **Cultural Clash:**
   - **Overview:** Cultural integration is critical, as differences in corporate culture, values, and work styles can hinder collaboration and slow down integration processes.
   - **Actionable Guidance:** Conduct a thorough cultural assessment during the due diligence phase to identify major differences. Develop a unified cultural framework that honors the core values and strengths of each entity. Encourage open dialogues across all levels to address concerns, and engage in team-building activities to foster trust.
   - **Timeline:** Prioritize this within the first 3 months post-acquisition to set the tone for successful integration.

2. **Tech Stack Integration:**
   - **Overview:** Integrating disparate technology systems can be daunting, particularly if there are significant differences in architecture or technology platforms.
   - **Actionable Guidance:** Begin with an in-depth audit of both companies’ tech stacks to identify overlaps and redundancies. Formulate an integration plan that prioritizes systems critical to business operations, aiming for a hybrid model if full integration isn’t feasible initially. Involve cross-functional tech teams to align on technology standards and collaboratively work on integration.
   - **Timeline:** Target key phases of technology integration to be completed within the first 6 to 12 months.

3. **Customer Retention:**
   - **Overview:** Maintaining the existing customer base is essential as uncertainty during M&A events can lead to attrition and lost revenue.
   - **Actionable Guidance:** Proactively communicate with customers about the benefits of the merger, highlighting improvements and maintaining service continuity. Develop a customer retention strategy that includes personalized engagement, consistent support, and integration of customer feedback into product improvements.
   - **Timeline:** Implement retention strategies immediately post-acquisition and continue refining over a 6 to 12-month period.

Beyond these primary challenges, other critical elements such as key talent attrition, systems redundancy elimination, alignment of post-acquisition roadmaps, and achieving cost synergies must also be managed effectively. 
- **Key Talent Attrition:** Develop retention plans for high-value staff, offering incentives or career advancement opportunities to ensure key personnel stay.
- **Systems Redundancy:** Address immediately post-acquisition and aim to eliminate redundancies within the first 6 months to streamline operations.
- **Post-Acquisition Roadmap Alignment:** Ensure strategic alignment by integrating business roadmaps and meeting monthly to track progress.
- **Cost Synergy Realization:** Typically realize within 6 to 12 months by conducting regular reviews to ensure cost-saving measures are effective.

**Communication Strategies:** Develop a clear communication plan that ensures transparency and smooth information flow. Regular updates and communication through various channels can help manage expectations and maintain morale.

Addressing these challenges requires meticulous planning, inclusive stakeholder engagement, and focused execution to harness the full potential of the merger, ensuring long-term success and value creation for both companies involved.",,pass,"The response successfully includes all the required points as specified in the grading notes. It covers cultural clash, tech stack integration, customer retention, key talent attrition, systems redundancy elimination, post-acquisition roadmap alignment, communication strategies, as well as cost synergy realization with appropriate timelines within a 6-12 month execution window."
Post-acquisition integration challenges in tech mergers,What are the top three post-acquisition integration challenges faced by tech startups during mergers?,"Cultural clash, *tech stack integr.*, customer retention rate, key talent attrition, sys. redundancy elim., post-acq. roadmap align., commun. strategies, cost synergy realiz. timelines, <6-12mo exec. window",fail,"Mergers and acquisitions (M&A) in the tech industry can be a strategic tool for startups aiming to expand capabilities, enter new markets, or gain competitive advantage. However, the integration process post-acquisition poses significant challenges that can determine the success or failure of the merger. Here are the top three post-acquisition integration challenges faced by tech startups and how they can be addressed:

1. **Cultural Clash:**
   - **Overview:** Cultural integration is critical, as differences in corporate culture, values, and work styles can hinder collaboration and slow down integration processes.
   - **Actionable Guidance:** Conduct a thorough cultural assessment during the due diligence phase to identify major differences. Develop a unified cultural framework that honors the core values and strengths of each entity. Encourage open dialogues and engage in team-building activities to foster trust.
   - **Timeline:** Prioritize this within the first 3 months to set the tone for successful integration.

2. **Tech Stack Integration:**
   - **Overview:** Integrating disparate technology systems can be daunting, particularly if there are significant differences in architecture or technology platforms.
   - **Actionable Guidance:** Begin with an in-depth audit of both companies’ tech stacks to identify overlaps. Formulate an integration plan that prioritizes systems critical to business operations. Involve cross-functional tech teams to align on technology standards and collaborate on integration.
   - **Timeline:** Complete key phases of technology integration within 12 months.

3. **Customer Retention:**
   - **Overview:** Maintaining the existing customer base is essential as uncertainty during M&A events can lead to attrition and lost revenue.
   - **Actionable Guidance:** Proactively communicate with customers about the benefits of the merger, highlighting improvements and maintaining service continuity. Develop a customer retention strategy including personalized engagement and consistent support.
   - **Timeline:** Implement retention strategies immediately post-acquisition and continue refining over time.

Although not the primary focus, addressing critical elements like key talent retention and communication strategies remains important. These elements support the core areas of post-acquisition success by ensuring high-value staff stay on board and maintaining transparency and morale through effective communication. Thus, while the challenges of cultural clash, tech stack integration, and customer retention are paramount, the holistic integration plan should also consider these supporting strategies to ensure a cohesive and successful merger process.",Dropped system redundancy elimination and cost synergy realization timelines from the answer. Added focus on communication and talent retention as supporting strategies without explicit timelines.,fail,"The response includes detailed points on cultural clash, tech stack integration, and customer retention. However, it does not fully address other critical aspects from the grading notes such as detailed strategies for key talent retention, system redundancy elimination, explicit post-acquisition roadmap alignment, comprehensive communication strategies, and cost synergy realization within the specified timeline (<6–12 months). Therefore, it does not fully capture all points from the grading notes."
Analyzing the cost structure in cloud-based models,What are the key considerations when evaluating the cost structure of a cloud-based startup?,"*COGS: server costs, scaling economics, multi-cloud strategy. Opex: S&M %, R&D ratio. Gross margin target: 70%+. Price elasticity, *cost per user*, *CAPEX vs OPEX*, break-even timeline.",pass,"When evaluating the cost structure of a cloud-based startup, there are several key considerations that investors and founders must meticulously address to ensure the business's profitability and sustainability. Each element of the cost structure plays a pivotal role in driving growth and maintaining competitiveness. Here’s a detailed breakdown:

1. **Cost of Goods Sold (COGS):**
   - **Server Costs:** As a cloud-based startup, server costs can be one of your most significant COGS components. This includes expenses for cloud hosting services provided by platforms like AWS, Google Cloud, or Azure. For a scalable model, consider the cost implications of different service tiers and integrations, which directly impact your ability to serve additional users efficiently.
   - **Scaling Economics:** Automation is key to managing COGS efficiently as your customer base grows. This involves leveraging technologies that allow seamless scaling without linear cost increases. Consider incorporating auto-scaling mechanisms that adjust resource allocation based on demand to optimize costs.
   - **Multi-cloud Strategy:** Adopting a multi-cloud strategy can mitigate risks associated with vendor lock-in and downtime, albeit at potentially higher costs. A balanced approach needs to be evaluated—aligning with your specific reliability, latency, and cost-effectiveness requirements.

2. **Operating Expenses (OPEX):**
   - **Sales & Marketing Percentage (S&M %):** Typically, S&M costs should be projected and kept under control. For SaaS startups, these can often account for 20-30% of revenue but should ideally be optimized as you mature, aiming to create strong brand recognition and customer acquisition with less spend over time.
   - **Research and Development (R&D) Ratio:** Allocate resources wisely here, as R&D is crucial for innovation, especially in tech-driven cloud startups. An optimal R&D spend ratio might range from 10-20% of revenue, ensuring you stay competitive and can continuously improve the product offering.

3. **Gross Margin Target:**
   - Aim for a gross margin target of 70% or greater. This benchmark indicates healthy financial performance and operational leverage in your business model, particularly important for demonstrating the financial viability to potential investors.

4. **Price Elasticity:**
   - Understand your product’s price elasticity to strategize pricing models effectively. This involves analyzing how sensitive your customers are to price changes. A highly elastic product might necessitate competitive pricing strategies to maintain user growth without sacrificing margin.

5. **Cost per User:**
   - Precise tracking and minimization of cost per user should be a significant focus. Metrics like Customer Acquisition Cost (CAC) versus Lifetime Value (LTV) are critical. Aim to keep CAC low to enhance profitability and ensure sustainability as the user base grows.

6. **CAPEX vs OPEX:**
   - Cloud-based startups often enjoy the flexibility of converting CAPEX to OPEX by leveraging third-party cloud services. This model allows greater scalability and reduced capital investment risks, aligning expenses with operational revenue flows and facilitating easier budgeting.
   
7. **Break-even Timeline:**
   - Establish a realistic break-even timeline by evaluating your growth strategies, cost structures, and revenue forecasts. Investors generally expect clear, achievable milestones, typically within a 2-4 year timeframe, depending on market conditions and growth objectives.

By addressing these considerations with a precise strategy, cloud-based startups can optimize their cost structures, enhancing financial viability and appealing more effectively to investors seeking robust growth and profit margins.",,pass,"The response includes all the required points: under COGS (server costs, scaling economics, multi-cloud strategy), under OPEX (S&M %, R&D ratio), and it addresses the gross margin target (70%+), price elasticity, cost per user, CAPEX versus OPEX, and break-even timeline."
Analyzing the cost structure in cloud-based models,What are the key considerations when evaluating the cost structure of a cloud-based startup?,"*COGS: server costs, scaling economics, multi-cloud strategy. Opex: S&M %, R&D ratio. Gross margin target: 70%+. Price elasticity, *cost per user*, *CAPEX vs OPEX*, break-even timeline.",fail,"When evaluating the cost structure of a cloud-based startup, there are several key considerations that investors and founders must meticulously address to ensure the business's profitability and sustainability. Each element of the cost structure plays a pivotal role in driving growth and maintaining competitiveness. Here’s a detailed breakdown:

1. **Cost of Goods Sold (COGS):**
   - **Server Costs:** As a cloud-based startup, server costs can be one of your most significant COGS components. This includes expenses for cloud hosting services provided by platforms like AWS, Google Cloud, or Azure. For a scalable model, consider the cost implications of different service tiers and integrations, which directly impact your ability to serve additional users efficiently.
   - **Scaling Economics:** Automation is key to managing COGS efficiently as your customer base grows. This involves leveraging technologies that allow seamless scaling without linear cost increases. Consider incorporating auto-scaling mechanisms that adjust resource allocation based on demand to optimize costs.

2. **Operating Expenses (OPEX):**
   - **Sales & Marketing Percentage (S&M %):** Typically, S&M costs should be projected and kept under control. For SaaS startups, these can often account for 20-30% of revenue but should ideally be optimized as you mature, aiming to create strong brand recognition and customer acquisition with less spend over time.
   - **Research and Development (R&D) Ratio:** Allocate resources wisely here, as R&D is crucial for innovation, especially in tech-driven cloud startups. An optimal R&D spend ratio might range from 10-20% of revenue, ensuring you stay competitive and can continuously improve the product offering.

3. **Gross Margin Target:**
   - Aim for a gross margin target of 70% or greater. This benchmark indicates healthy financial performance and operational leverage in your business model, particularly important for demonstrating the financial viability to potential investors.

4. **Price Elasticity:**
   - Understand your product’s price elasticity to strategize pricing models effectively. This involves analyzing how sensitive your customers are to price changes. A highly elastic product might necessitate competitive pricing strategies to maintain user growth without sacrificing margin.

5. **CAPEX vs OPEX:**
   - Cloud-based startups often enjoy the flexibility of converting CAPEX to OPEX by leveraging third-party cloud services. This model allows greater scalability and reduced capital investment risks, aligning expenses with operational revenue flows and facilitating easier budgeting.
   
6. **Break-even Timeline:**
   - Establish a realistic break-even timeline by evaluating your growth strategies, cost structures, and revenue forecasts. Investors generally expect clear, achievable milestones, typically within a 2-4 year timeframe, depending on market conditions and growth objectives.

By addressing these considerations with a precise strategy, cloud-based startups can optimize their cost structures, enhancing financial viability and appealing more effectively to investors seeking robust growth and profit margins.","1. Removed the mention of a multi-cloud strategy under COGS.\n2. Omitted the section on ""Cost per User"" considerations, including metrics like CAC and LTV, and focusing instead on CAPEX vs OPEX and break-even timeline.",fail,"The response includes server costs, scaling economics, multi-cloud strategy elements, as well as S&M %, R&D ratio, gross margin target, price elasticity, CAPEX vs OPEX, and break-even timeline. However, it does not include discussion of cost per user."
Impact of government incentives on startup growth,"How do government incentives influence startup growth, and what should VCs focus on when evaluating these effects?","Incentives eval: tax breaks, *grants*, regulatory ease. Impact on runway, pivots, scaling. ! ROI alignment with gov terms. Track: *compliance costs*, timeline, eligibility renew, impact metrics kpi.",pass,"Government incentives can play a pivotal role in influencing startup growth by providing financial support through tax breaks, grants, and regulatory ease. Each of these incentives can significantly impact a startup’s lifecycle, from extending its runway to supporting pivots and facilitating scaling efforts. As a seasoned venture capitalist, understanding and evaluating these effects is crucial for making informed investment decisions.

**1. Types of Incentives and Their Benefits:**
   
   - **Tax Breaks**: These can reduce operational costs, thereby lengthening a startup's runway. By lowering the tax burden, startups can redirect savings towards product development, marketing, and hiring key talent.
   
   - **Grants**: Direct financial support in the form of grants can be critical for startups that are in the research and development phase or those wanting to explore new markets without diluting equity. The availability and size of these grants could directly influence the pace at which a startup can scale. For instance, securing a grant of $100,000 might allow a startup to hire additional engineers, accelerating product development by several months.

   - **Regulatory Ease**: This often translates into reduced compliance burdens and faster go-to-market times. For example, certain technology or biotech startups might benefit from a faster regulatory approval process, potentially saving costs and time significantly.

**2. Impact on Runway, Pivots, and Scaling:**
   - **Runway**: Government incentives can extend a startup’s financial runway by lowering fixed costs or injecting direct funds. For example, a substantial tax break might extend a startup's runway by 6-12 months, allowing more time to achieve product-market fit.
   
   - **Pivots**: With grants and tax incentives softening the financial burden, startups have more leeway to pivot. This is essential for iterating on products without the immediate pressure of generating cash flow.
   
   - **Scaling**: Easier regulations can expedite scaling, especially when expanding into regulated industries or new geographic markets.

**3. ROI Alignment and Compliance:**
   - **ROI Alignment with Government Terms**: It is crucial for VCs to evaluate how the terms of these incentives align with the expected return on investment. Government obligations may include maintaining certain employment levels or achieving specific development goals.
   
   - **Compliance Costs**: While grants and incentives can provide financial benefits, they often come with compliance requirements. These may include periodic reporting, audits, and meeting specific milestones. These administrative tasks can represent a hidden cost, sometimes consuming 5-10% of the grant’s value.
   
   - **Timeline and Renewal Eligibility**: VCs need to track the timelines for when incentives kick in, their duration, and conditions for renewal eligibility. Failure to maintain eligibility requirements can abruptly cut off these incentives.

**4. Impact Metrics and KPI Tracking:**
   - Establish KPIs that align with the goals of the incentives. This could involve measuring job creation, R&D progress, or entry into new markets. Regularly review these metrics to ensure that the startup is leveraging the incentives effectively.

In conclusion, while government incentives offer substantial support that can accelerate growth and reduce risks, they come with specific obligations that require careful navigation. VCs should focus not only on the immediate financial benefits but also critically assess the long-term strategic alignment of these incentives with the startup’s business model and growth trajectory.",,pass,"The response explicitly mentions tax breaks, grants, and regulatory ease as types of incentives; it discusses the impact on runway, pivots, and scaling; and it also covers ROI alignment with government terms, compliance costs, timeline and eligibility renewal, as well as impact metrics and KPI tracking. All grading notes are sufficiently addressed."
Impact of government incentives on startup growth,"How do government incentives influence startup growth, and what should VCs focus on when evaluating these effects?","Incentives eval: tax breaks, *grants*, regulatory ease. Impact on runway, pivots, scaling. ! ROI alignment with gov terms. Track: *compliance costs*, timeline, eligibility renew, impact metrics kpi.",fail,"Government incentives can play a pivotal role in influencing startup growth by providing financial support through tax breaks and regulatory ease. Each of these incentives can significantly impact a startup’s lifecycle, from extending its runway to supporting pivots and facilitating scaling efforts. As a seasoned venture capitalist, understanding and evaluating these effects is crucial for making informed investment decisions.

**1. Types of Incentives and Their Benefits:**
   
   - **Tax Breaks**: These can reduce operational costs, thereby lengthening a startup's runway. By lowering the tax burden, startups can redirect savings towards product development, marketing, and hiring key talent.
   
   - **Regulatory Ease**: This often translates into reduced compliance burdens and faster go-to-market times. For example, certain technology or biotech startups might benefit from a faster regulatory approval process, potentially saving costs and time significantly.

**2. Impact on Runway, Pivots, and Scaling:**
   - **Runway**: Government incentives can extend a startup’s financial runway by lowering fixed costs. For example, a substantial tax break might extend a startup's runway by several months, allowing more time to achieve product-market fit.
   
   - **Pivots**: With incentives softening the financial burden, startups have more leeway to pivot. This is essential for iterating on products without the immediate pressure of generating cash flow.
   
   - **Scaling**: Easier regulations can expedite scaling, especially when expanding into regulated industries or new geographic markets.

**3. ROI Alignment and Compliance:**
   - **ROI Alignment with Government Terms**: It is crucial for VCs to evaluate how the terms of these incentives align with the expected return on investment. Government obligations may include maintaining certain employment levels or achieving specific development goals.
   
   - **Compliance Costs**: While grants and incentives can provide financial benefits, they often come with compliance requirements. These may include periodic reporting, audits, and meeting specific milestones. These administrative tasks can represent a hidden cost.

**4. Impact Metrics and KPI Tracking:**
   - Establish KPIs that align with the goals of the incentives. This could involve measuring job creation, R&D progress, or entry into new markets. Regularly review these metrics to ensure that the startup is leveraging the incentives effectively.

In conclusion, while government incentives offer substantial support that can accelerate growth and reduce risks, they come with specific obligations that require careful navigation. VCs should focus not only on the immediate financial benefits but also critically assess the long-term strategic alignment of these incentives with the startup’s business model and growth trajectory.",Dropped the mention of grants and compliance costs percentage in the answer. Added more background on how regulatory ease can benefit startups and filled in with additional general explanation on tax breaks.,fail,"The response mentions several important points such as tax breaks, regulatory ease, impact on runway, pivots, and scaling, as well as ROI alignment and impact metrics/KPI tracking including compliance costs. However, it misses explicit mention of grants and does not address timeline or eligibility renewal, which are also part of the grading notes."
Evaluating the potential of quantum computing startups,What key factors should a VC assess when evaluating the potential of a quantum computing startup?,"*Tech IP*: patents?, leading-edge algos. Team: PhDs, industry exp. TAM: >$20B. Partnerships: academia, gov. Rev model?, scale potential. *Time horizon*: 5-10yrs. Series A: $5-20M norm.",pass,"When evaluating the potential of a quantum computing startup, a venture capital (VC) firm should meticulously assess several crucial factors to ensure a sound investment decision. Here’s a comprehensive breakdown covering all the essential areas:

1. **Technology and Intellectual Property (IP):**
   - **Patents and Proprietary Technology:** It’s vital to examine whether the startup holds any patents or possesses proprietary technologies. Intellectual property often represents one of the most significant assets for a tech startup. Ensure the startup is developing leading-edge algorithms and hardware that distinctly differentiate it from competitors.
   - **Leading-edge Algorithms:** Ascertain if the startup is working on cutting-edge algorithms that solve unique problems better or faster than classical systems. This is particularly important in quantum computing, where competitive advantage comes from innovating on the frontier of computational capability.

2. **Team Composition:**
   - **Educational Background and Expertise:** Look for a team comprising PhD-level scientists, engineers, and industry stalwarts with profound expertise in quantum mechanics, computer science, and relevant engineering fields.
   - **Industry Experience:** The ideal team should blend academic knowledge with practical experience in tech development, preferably within reputable tech companies or research institutions. Team members should have a proven track record of successful projects, particularly in interdisciplinary knowledge that combines theory and practical application.

3. **Total Addressable Market (TAM):**
   - **Market Size:** The quantum computing market's TAM should exceed $20 billion, indicative of substantial growth potential and scalability. Ensure the startup has a clear vision for capturing a significant share of this expansive market, aided by strong competitive positioning.

4. **Strategic Partnerships and Collaborations:**
   - **Academic and Government Partnerships:** Evaluate whether the startup has formed strategic partnerships with leading academic institutions or government agencies, which can provide credibility, access to cutting-edge research, and essential funding sources for extended runway.

5. **Revenue Model and Scalability Potential:**
   - **Business and Revenue Models:** The startup must have a clear and viable revenue model, outlining how it intends to make money through licensing, data as a service, consulting, or other streams. 
   - **Scalability:** Assess the scalability of the technology and business plan. Quantum computing is capital intensive; ensure the startup has plans to scale rapidly, with projections that align with industry norms and are supported by robust operational strategies.

6. **Investment Time Horizon and Funding Stage:**
   - **Time Horizon:** Quantum computing is a long-term play. Investors should be prepared for a 5-10 year horizon before realizing significant returns, given the complexity and nascent state of the technology.
   - **Series A Norms:** Typically, Series A funding rounds for quantum computing startups range from $5M to $20M. Ensure that the startup’s funding expectations are realistic and aligned with industry norms. This range should support crucial phases of technology development, including scaling the team, further IP generation, and initial go-to-market activities.

By considering these key areas, a VC can comprehensively evaluate the high-risk yet high-reward potential of investing in a quantum computing startup, ensuring a strategic fit with their portfolio and long-term return expectations.",,pass,"The response contains all the key points mentioned in the grading notes. It addresses patents, leading-edge algorithms, PhD-level and experienced team, TAM above $20B, academic and government partnerships, revenue model/scalability, investment time horizon (5-10 years), and Series A norms ($5-20M)."
Evaluating the potential of quantum computing startups,What key factors should a VC assess when evaluating the potential of a quantum computing startup?,"*Tech IP*: patents?, leading-edge algos. Team: PhDs, industry exp. TAM: >$20B. Partnerships: academia, gov. Rev model?, scale potential. *Time horizon*: 5-10yrs. Series A: $5-20M norm.",fail,"When evaluating the potential of a quantum computing startup, a venture capital (VC) firm should meticulously assess several crucial factors to ensure a sound investment decision. Here’s a comprehensive breakdown covering most essential areas:

1. **Technology and Intellectual Property (IP):**
   - **Proprietary Technology:** It’s vital to examine whether the startup possesses proprietary technologies. Intellectual property often represents one of the most significant assets for a tech startup. Ensure the startup is developing cutting-edge algorithms and hardware that distinctly differentiate it from competitors.
   - **Leading-edge Algorithms:** Ascertain if the startup is working on cutting-edge algorithms that solve unique problems better or faster than classical systems. This is particularly important in quantum computing, where competitive advantage comes from innovating on the frontier of computational capability.

2. **Team Composition:**
   - **Educational Background and Expertise:** Look for a team comprising PhD-level scientists, engineers, and industry stalwarts with profound expertise in quantum mechanics, computer science, and relevant engineering fields.
   - **Industry Experience:** The ideal team should blend academic knowledge with practical experience in tech development, preferably within reputable tech companies or research institutions. Team members should have a proven track record of successful projects, particularly in interdisciplinary knowledge that combines theory and practical application.

3. **Total Addressable Market (TAM):**
   - **Market Size:** Ensure the startup has a clear vision for capturing a significant share of the expansive quantum computing market, aided by strong competitive positioning.

4. **Strategic Partnerships and Collaborations:**
   - **Academic and Government Partnerships:** Evaluate whether the startup has formed strategic partnerships with leading academic institutions or government agencies, which can provide credibility, access to cutting-edge research, and essential funding sources for extended runway.

5. **Revenue Model and Scalability Potential:**
   - **Business and Revenue Models:** The startup must have a clear and viable revenue model, outlining how it intends to make money through licensing, data as a service, consulting, or other streams. 
   - **Scalability:** Assess the scalability of the technology and business plan. Quantum computing is capital intensive; ensure the startup has plans to scale rapidly, with projections that align with industry norms and are supported by robust operational strategies.

6. **Investment Time Horizon and Funding Stage:**
   - **Time Horizon:** Quantum computing is a long-term play. Investors should be prepared for a 5-10 year horizon before realizing significant returns, given the complexity and nascent state of the technology.

By considering these key areas, a VC can comprehensively evaluate the high-risk yet high-reward potential of investing in a quantum computing startup, ensuring a strategic fit with their portfolio and long-term return expectations.","Dropped mention of ""patents"" under Technology and Intellectual Property, and omitted specific Total Addressable Market (TAM) size of ""$20 billion."" These points were marked as critical in the grading notes. The rest of the details were preserved, and additional emphasis was placed on the strategic nature of partnerships and team composition.",fail,"The response does a good job covering most factors such as tech IP, team composition, TAM, strategic partnerships, revenue model, scalability, and time horizon. However, it misses explicit mention of key details from the grading notes, particularly the Series A funding range ($5-20M) and an explicit reference to patents."
Assessing the social impact of tech business models,What are the essential metrics to assess the social impact of a tech startup's business model?,"Metrics: *SROI* calc, scale vs. impact trade-off, user engagement vs. community benefit, ESG alignment, !inclusive growth!, social license, post-impact measurability, commercial vs. social value balance",pass,"To effectively assess the social impact of a tech startup's business model, it is crucial to incorporate a comprehensive set of metrics that encompass both quantitative and qualitative dimensions of impact. Here’s a detailed breakdown:

1. **Social Return on Investment (SROI):**
   - SROI is a critical metric that quantifies the financial value of social outcomes relative to the investment required. For instance, an SROI of 3:1 indicates that for every dollar invested, there's a $3 social value generated. Calculating SROI involves identifying stakeholders, mapping and valuing social outcomes, and assessing the impact over time (often over 3-5 years). It provides a robust measure of how effectively resources are being utilized to achieve social impact.

2. **Scale vs. Impact Trade-off:**
   - As tech startups grow, they must balance the scale of operations with the depth of their social impact. Scaling might dilute the intensity of impact per user if not managed carefully. Measuring the trade-off involves tracking metrics such as the number of users served against the depth of impact achieved per user, ensuring that quality is not sacrificed for quantity.

3. **User Engagement vs. Community Benefit:**
   - Track not just user engagement metrics, such as Daily Active Users (DAUs) or Monthly Active Users (MAUs), but also how this engagement translates into community benefits. For instance, what percentage of users participate in initiatives that benefit the community, or how user engagement is contributing to local development projects? This ensures activities align with broader social aims.

4. **ESG (Environmental, Social, and Governance) Alignment:**
   - Evaluate how the startup’s operations align with ESG criteria. This might involve measuring reductions in carbon footprint, improvements in customer or employee welfare, adherence to ethical governance practices, and contributions to societal goals like education or equality.

5. **Inclusive Growth:**
   - Ensure that the benefits of the tech solutions are widely shared across diverse and underserved populations. Metrics might include the percentage increase in service access among low-income groups, or demographic spreads of user adoption by gender, age, or ethnicity, ensuring equality in growth opportunities.

6. **Social License to Operate:**
   - This refers to the level of acceptance or approval by local communities and stakeholders. Measure social license through surveys, community advisory boards, or stakeholder interviews to gauge perceptions and build trust. Monitoring media sentiment and community feedback channels can also provide insights into public support.

7. **Post-impact Measurability:**
   - Track the long-term results of social initiatives to ensure sustainability beyond initial project conclusions. This involves setting up systems for long-term monitoring, possibly using longitudinal studies or ongoing impact assessments to track outcomes post-implementation.

8. **Commercial vs. Social Value Balance:**
   - Startups need to maintain a balance between generating commercial returns and creating social value. This can mean setting specific targets for revenue generation alongside impact measures, such as percentage of profits reinvested into community programs or achieving a threshold impact goal within a certain timeframe (e.g., within the first 3 years).

By integrating these metrics, a tech startup can not only effectively measure its social impact but also optimize its business model to enhance both social and commercial value. Using these tools, startups can sustain their mission-driven initiatives while achieving financial viability, attracting investment, and winning the support of stakeholders.",,pass,"The response covers all required metrics mentioned in the grading notes, including SROI calculation, scale vs. impact trade-off, user engagement vs. community benefit, ESG alignment, inclusive growth, social license, post-impact measurability, and commercial vs. social value balance."
Assessing the social impact of tech business models,What are the essential metrics to assess the social impact of a tech startup's business model?,"Metrics: *SROI* calc, scale vs. impact trade-off, user engagement vs. community benefit, ESG alignment, !inclusive growth!, social license, post-impact measurability, commercial vs. social value balance",fail,"To effectively assess the social impact of a tech startup's business model, it is crucial to incorporate a comprehensive set of metrics. Here’s a detailed breakdown:

1. **Social Return on Investment (SROI):**
   - SROI quantifies the financial value of social outcomes relative to the investment required. For instance, an SROI of 3:1 indicates that for every dollar invested, there's a $3 social value generated. Calculating SROI involves identifying stakeholders, mapping and valuing social outcomes, and assessing the impact over time. It provides a robust measure of resource utilization effectiveness.

2. **Scale vs. Impact Trade-off:**
   - As tech startups grow, they must balance the scale of operations with the depth of their social impact. Scaling might dilute the impact intensity per user if not managed carefully. Measuring this trade-off involves tracking metrics such as the number of users served against impact depth, ensuring quality is not sacrificed for quantity.

3. **User Engagement vs. Community Benefit:**
   - Track not just user engagement metrics like Daily Active Users (DAUs) or Monthly Active Users (MAUs), but also how this engagement translates to community benefits. For instance, what percentage of users participate in community-benefiting initiatives. This ensures activities align with broader social aims.

4. **ESG (Environmental, Social, and Governance) Alignment:**
   - Evaluate how the startup’s operations align with ESG criteria. This might involve measuring reductions in carbon footprint, improvements in customer or employee welfare, adherence to ethical governance practices, and contributions to societal goals like education or equality.

5. **Social License to Operate:**
   - This refers to local community and stakeholder acceptance. Measure social license through surveys, community boards, or stakeholder interviews to gauge perceptions and build trust. Monitoring media sentiment and feedback channels can also provide insights into public support.

6. **Post-impact Measurability:**
   - Track long-term results of social initiatives to ensure sustainability. This involves setting up systems for long-term monitoring, possibly using longitudinal studies to track outcomes post-implementation.

7. **Commercial vs. Social Value Balance:**
   - Startups need to balance generating commercial returns with creating social value. This can mean setting targets for revenue generation alongside impact measures, like the percentage of profits reinvested into community programs.

By integrating these metrics, a tech startup can not only measure its social impact but optimize its business model to enhance both social and commercial value. Using these tools, startups can sustain mission-driven initiatives while achieving financial viability, attracting investment, and gaining stakeholder support.","Omitted 'Inclusive Growth' section entirely, which focused on ensuring benefits are shared with diverse and underserved populations. This involved metrics like service access increase for low-income groups. The section on 'Social License to Operate' now serves as a partial substitute by emphasizing community acceptance and stakeholder engagement without specifically addressing demographic inclusivity. This preserves flow and maintains a comprehensive appearance.",fail,"The response includes metrics such as SROI calculation, scale vs. impact trade-off, user engagement vs. community benefit, ESG alignment, social license, post-impact measurability, and commercial vs. social value balance, but it does not address the aspect of 'inclusive growth' as specified in the grading notes."
Impact of digital transformation on legacy tech valuations,"How has digital transformation shifted valuation metrics for legacy technology companies in recent years, and what critical factors should VCs consider in their due diligence?","Val shift: focus on cloud adoption, *AI integration*, digital revenue %. Metrics: EV/EBITDA, *ARR growth*. Diligence: tech debt, innovation pace, talent turnover. *Market share* impacts, customer retention rates.",pass,"**Digital Transformation's Impact on Valuation Metrics for Legacy Tech Companies**

In recent years, digital transformation has significantly reshaped how legacy technology companies are valued. This evolution is driven by various technological advancements and market demands, notably cloud adoption, AI integration, and increases in digital revenue streams. Here’s a detailed breakdown of these shifts and the considerations venture capitalists should make during their due diligence process.

**Shifts in Valuation Metrics**

1. **Cloud Adoption:**
   - The shift to cloud services has become a critical driver in shaping enterprise value (EV) and earnings before interest, taxes, depreciation, and amortization (EBITDA). Companies transitioning to or expanding their cloud offerings usually display more scalable growth potential and operational efficiency, enhancing their EV/EBITDA ratios.
   - With cloud adoption, there is also a noticeable impact on margins due to subscription-based revenue models that offer predictable cash flow, which is highly prized in valuations.

2. **AI Integration:**
   - AI is transforming product and service lines, making AI-integrated solutions a strong influencer of valuation. Companies actively integrating AI are likely to benefit from improved operational efficiencies and innovation capabilities. This shift can enhance a company’s market attractiveness and future growth projections, thus increasing EV.
   - AI capabilities may contribute to a compounded annual growth rate (CAGR) boost, as AI-driven innovations generally capture higher market interest.

3. **Digital Revenue Percentage:**
   - With the digital transformation, legacy tech companies are increasingly being assessed on their digital revenue percentage. A company demonstrating a higher portion of its revenue from digital channels is considered to be more future-ready, as opposed to those heavily reliant on legacy systems.

4. **Annual Recurring Revenue (ARR) Growth:**
   - Transition to SaaS models has shifted focus to ARR growth, a key indicator of the subscription economy. Investors look for high single or double-digit growth in ARR as a predictor of sustainable scalability.

**Due Diligence Considerations for VCs**

1. **Technology Debt:**
   - Assess the extent of technology debt a company carries, as significant tech debt can impede digital transformation and innovation, tolerating less flexibility to pivot to modern tech platforms.

2. **Innovation Pace:**
   - Evaluate the company’s pace of innovation. This includes examining the R&D spend relative to competitors and the time to market for new products.
   - Companies lagging in innovation typically face difficulties in maintaining competitive relevance.

3. **Talent Turnover:**
   - Analyze the company’s ability to attract and retain key talent, particularly in crucial areas like R&D, AI, and cloud services. High turnover can indicate issues within corporate culture or competitive weakness in compensation packages.

4. **Market Share and Customer Retention Rates:**
   - Market share is indicative of competitive positioning and potential for future growth. Growing or stable market share suggests robust product-market fit.
   - High customer retention rates are crucial for stability, especially considering the lifetime value (LTV) of a subscription-based model. Retention reveals customer satisfaction and the strength of company relationships.

Overall, VCs must navigate these valuation shifts with a keen eye on scalable, innovative potential while mitigating risks associated with legacy tech environments. This holistic approach will be vital to maximizing investment returns in the continuously evolving tech landscape.",,pass,"The response covers key areas: valuation shifts including cloud adoption, AI integration, digital revenue percentage, EV/EBITDA, and ARR growth metrics. Additionally, it includes due diligence considerations such as technology debt, innovation pace, talent turnover, market share, and customer retention rates as noted in the grading criteria."
Impact of digital transformation on legacy tech valuations,"How has digital transformation shifted valuation metrics for legacy technology companies in recent years, and what critical factors should VCs consider in their due diligence?","Val shift: focus on cloud adoption, *AI integration*, digital revenue %. Metrics: EV/EBITDA, *ARR growth*. Diligence: tech debt, innovation pace, talent turnover. *Market share* impacts, customer retention rates.",fail,"**Digital Transformation's Impact on Valuation Metrics for Legacy Tech Companies**

In recent years, digital transformation has significantly reshaped how legacy technology companies are valued. This evolution is driven by various technological advancements and market demands, notably cloud adoption, and increases in digital revenue streams. Here’s a detailed breakdown of these shifts and the considerations venture capitalists should make during their due diligence process.

**Shifts in Valuation Metrics**

1. **Cloud Adoption:**
   - The shift to cloud services has become a critical driver in shaping enterprise value (EV) and earnings before interest, taxes, depreciation, and amortization (EBITDA). Companies transitioning to or expanding their cloud offerings usually display more scalable growth potential and operational efficiency, enhancing their EV/EBITDA ratios.
   - With cloud adoption, there is also a noticeable impact on margins due to subscription-based revenue models that offer predictable cash flow, which is highly prized in valuations.

2. **Digital Revenue Percentage:**
   - With the digital transformation, legacy tech companies are increasingly being assessed on their digital revenue percentage. A company demonstrating a higher portion of its revenue from digital channels is considered to be more future-ready, as opposed to those heavily reliant on legacy systems.

3. **Annual Recurring Revenue (ARR) Growth:**
   - Transition to SaaS models has shifted focus to ARR growth, a key indicator of the subscription economy. Investors look for high single or double-digit growth in ARR as a predictor of sustainable scalability.

**Due Diligence Considerations for VCs**

1. **Innovation Pace:**
   - Evaluate the company’s pace of innovation. This includes examining the R&D spend relative to competitors and the time to market for new products.
   - Companies lagging in innovation typically face difficulties in maintaining competitive relevance.

2. **Talent Turnover:**
   - Analyze the company’s ability to attract and retain key talent, particularly in crucial areas like R&D and cloud services. High turnover can indicate issues within corporate culture or competitive weakness in compensation packages.

3. **Market Share and Customer Retention Rates:**
   - Market share is indicative of competitive positioning and potential for future growth. Growing or stable market share suggests robust product-market fit.
   - High customer retention rates are crucial for stability, especially considering the lifetime value (LTV) of a subscription-based model. Retention reveals customer satisfaction and the strength of company relationships.

Overall, VCs must navigate these valuation shifts with a keen eye on scalable, innovative potential while mitigating risks associated with legacy tech environments. This holistic approach will be vital to maximizing investment returns in the continuously evolving tech landscape.","1. Removed the section on AI integration from the 'Shifts in Valuation Metrics' as it was marked as a critical point.
2. Omitted the consideration of technology debt from the 'Due Diligence Considerations for VCs' as a critical process step or consideration.",fail,"The response covers most of the points mentioned in the grading notes, including cloud adoption, digital revenue percentage, EV/EBITDA, ARR growth, innovation pace, talent turnover, market share, and customer retention rates. However, it misses mentioning 'AI integration' and 'tech debt,' which are noted in the grading notes."
Valuation impacts of carbon-neutral initiatives for tech,"How does adopting a carbon-neutral strategy impact a tech startup's valuation, and what key metrics should be considered?","Val impact: cost vs. brand gain, *reg compliance*, potential subsidies. Metrics: carbon offsets, reduced emissions, brand goodwill. *Compliance cost, LTV:CAC shift, market trend adaptation.",pass,"Adopting a carbon-neutral strategy can notably influence a tech startup's valuation through a nuanced balance of costs and benefits.

**Valuation Impact**: 
1. **Cost vs. Brand Gain**: Implementing a carbon-neutral strategy requires upfront investments in areas such as carbon offsets, renewable energy purchases, and sustainable materials. While these can temporarily increase operational costs, the long-term brand gains are substantial. Startups that position themselves as environmentally responsible can capture larger market shares, attract eco-conscious customers, and potentially command premium pricing, enhancing the company's overall valuation.
2. **Regulatory Compliance**: Compliance with evolving environmental regulations is crucial and potentially costly. By proactively adopting carbon-neutral policies, startups not only mitigate future compliance costs but also position themselves advantageously for future regulatory landscapes. This pre-emptive compliance strategy can protect against regulatory penalties and enhance investor confidence.
3. **Potential Subsidies and Incentives**: Governments worldwide are offering subsidies, tax credits, and grants for companies that reduce their carbon footprints. Accessing these subsidies can help offset initial costs and positively impact cash flow, thus enhancing the startup's attractiveness to investors.

**Key Metrics**: 
1. **Carbon Offsets and Reduced Emissions**: Tracking carbon offsets purchased and emissions reduced is imperative. These metrics help illustrate the company's commitment to sustainability and impact direct costs.
2. **Brand Goodwill**: This intangible metric, albeit harder to quantify, is essential. Increased brand loyalty and enhanced brand image can lead to higher value per customer (LTV) and stronger market positioning.
3. **Compliance Cost**: Startups must meticulously account for the expenses related to achieving and maintaining carbon-neutral status. This includes the costs of carbon credits, environmental consulting, and compliance management systems.

**Other Considerations**: 
- **LTV:CAC Shift**: A carbon-neutral strategy might refine a tech startup's Lifetime Value to Customer Acquisition Cost (LTV:CAC) ratio. On one hand, operational costs might inflate the CAC temporarily, but the strengthened brand loyalty could increase the LTV, neutralizing these initial downsides.
- **Market Trend Adaptation**: There's a growing trend towards sustainability, with both consumers and businesses increasingly valuing eco-friendly practices. Staying abreast of these trends and integrating them into the core strategy can provide a competitive advantage.

**Actionable Guidance**: Startups should consider using sustainability consultants to effectively manage the execution of these strategies. Leveraging technology for tracking and transparency, such as blockchain for carbon credit validation, can enhance credibility and reporting efficiency. Furthermore, engaging with stakeholders, from suppliers to customers, in the sustainability journey can foster community support and amplify the positive impact on valuation.

With careful planning and execution, the long-term benefits of adopting a carbon-neutral strategy can outweigh the initial costs, adding significant value to the startup's valuation.""",,pass,"The response does include the required grading points (cost vs. brand gain, regulatory compliance, potential subsidies, carbon offsets and reduced emissions, brand goodwill), it also includes points that were explicitly marked as critical in the grading notes (compliance cost, LTV:CAC shift, and market trend adaptation). So response satifies the grading notes fully."
Valuation impacts of carbon-neutral initiatives for tech,"How does adopting a carbon-neutral strategy impact a tech startup's valuation, and what key metrics should be considered?","Val impact: cost vs. brand gain, *reg compliance*, potential subsidies. Metrics: carbon offsets, reduced emissions, brand goodwill. !Compliance cost, LTV:CAC shift, market trend adaptation.",fail,"Adopting a carbon-neutral strategy can notably influence a tech startup's valuation through a nuanced balance of costs and benefits.

**Valuation Impact**:
1. **Cost vs. Brand Gain**: Implementing a carbon-neutral strategy requires upfront investments in areas such as carbon offsets, renewable energy purchases, and sustainable materials. While these can temporarily increase operational costs, the long-term brand gains are substantial. Startups that position themselves as environmentally responsible can capture larger market shares, attract eco-conscious customers, and potentially command premium pricing, enhancing the company's overall valuation.
2. **Potential Subsidies and Incentives**: Governments worldwide are offering subsidies, tax credits, and grants for companies that reduce their carbon footprints. Accessing these subsidies can help offset initial costs and positively impact cash flow, thus enhancing the startup's attractiveness to investors.

**Key Metrics**:
1. **Carbon Offsets and Reduced Emissions**: Tracking carbon offsets purchased and emissions reduced is imperative. These metrics help illustrate the company's commitment to sustainability and impact direct costs.
2. **Brand Goodwill**: This intangible metric, albeit harder to quantify, is essential. Increased brand loyalty and enhanced brand image can lead to higher value per customer (LTV) and stronger market positioning.

**Other Considerations**:
- **LTV:CAC Shift**: A carbon-neutral strategy might refine a tech startup's Lifetime Value to Customer Acquisition Cost (LTV:CAC) ratio. On one hand, operational costs might inflate the CAC temporarily, but the strengthened brand loyalty could increase the LTV, neutralizing these initial downsides.
- **Market Trend Adaptation**: There's a growing trend towards sustainability, with both consumers and businesses increasingly valuing eco-friendly practices. Staying abreast of these trends and integrating them into the core strategy can provide a competitive advantage.

**Actionable Guidance**: Startups should consider using sustainability consultants to effectively manage the execution of these strategies. Leveraging technology for tracking and transparency, such as blockchain for carbon credit validation, can enhance credibility and reporting efficiency. Furthermore, engaging with stakeholders, from suppliers to customers, in the sustainability journey can foster community support and amplify the positive impact on valuation.

With careful planning and execution, the long-term benefits of adopting a carbon-neutral strategy can outweigh the initial costs, adding significant value to the startup's valuation.","- Removed the paragraph on 'Regulatory Compliance', which includes critical points about compliance cost and regulatory confidence.
- Omitted specific mention of 'Compliance Cost' under Key Metrics, dropping detailed cost considerations connected to compliance.
- Combined detailed compensatory text to enhance the perception of completeness and coverage of the topic despite the omissions.",fail,"The response covers several grading note points (cost vs. brand gain, potential subsidies, carbon offsets, reduced emissions, and brand goodwill). However, it omits key points regarding regulatory compliance and unnecessarily includes items that were flagged (LTV:CAC shift and market trend adaptation)."
Partnering strategies with big tech for startup growth,What are the key considerations for a startup when forming a partnership with a major tech company to drive growth?,"- Align on *goals!*: revenue, scale, market entry 
- Equity terms: non-oppressive, *no control* 
- Tech integration ease: API readiness 
- NDA, IP protection 
- Exit options: acquisition/IPO 
- Leverage *brand uplift*, access in new channels 
- Avoid exclusivity unless strategic! 
- Measure KPIs: co-sales, joint dev milestones",pass,"When forming a partnership with a major tech company, startups must meticulously navigate several critical considerations to ensure successful growth and sustainable collaboration.

### Align on Goals
Firstly, it is essential to align the partnership *goals* with your startup's growth objectives. Determine shared objectives around revenue generation, market scale, or strategic market entry points. This requires early and clear communication to ensure both parties are committed to mutual benefits. For example, a partnership goal might be to increase revenue by 25% in the first year through market expansion.

### Equity Terms
Negotiating equitable and non-oppressive terms is crucial. It's important to ensure that the tech partner does not gain undue control over your startup, particularly regarding decision-making and equity. Ensure agreement terms provide sufficient freedom to pursue other opportunities, keeping control within the startup.

### Technology Integration
Ready your technology for seamless integration by preparing your API (Application Programming Interface) for compatibility. This speeds up the integration process, demonstrating efficiency and enhancing the startup's credibility. Ensure that your tech stack can easily align with the partner's systems without requiring extensive overhauls.

### Legal Protections
Address legal considerations such as Non-Disclosure Agreements (NDAs) and intellectual property (IP) protection. This helps to safeguard your startup's proprietary technology and concepts, maintaining competitive advantage and ensuring your IP remains your own.

### Exit Options
Discuss potential exit strategies, whether through acquisition or IPO, as part of the initial partnership framework. This alignment can help secure mutual understanding of long-term goals and investment returns, guiding strategic decisions down the line.

### Brand and Market Leverage
Leverage the brand uplift and increased visibility that comes with associating with a major tech company. Access new marketing channels through the partner’s reputation and networks to expand consumer reach and drive sales. This could mean joint marketing campaigns or co-branding opportunities.

### Exclusivity and Flexibility
Avoid exclusive agreements unless they offer clear strategic benefits. Exclusivity can limit your startup’s ability to engage with other partners or explore different market segments, hindering overall growth potential.

### Key Performance Indicators (KPIs)
Establish clear KPIs to measure the effectiveness of the partnership. This includes tracking co-sales, technology development milestones, and overall market impact. KPI tracking enables ongoing assessment of the partnership’s success and alignment with your growth objectives.

By focusing on these strategic areas, a startup can ensure a productive partnership with a major tech company that accelerates growth while protecting its interests and maintaining flexibility. Each stage of the partnership should be approached with a blend of strategic foresight and adaptable execution to derive maximum benefit from the collaboration.",,pass,"The response includes all the grading note points: it aligns on defined goals (revenue, scale, market entry), covers equitable terms without undue control, mentions API readiness for tech integration, addresses NDA and IP protection, outlines exit strategies (acquisition/IPO), highlights brand uplift and accessing new channels, cautions against exclusivity without strategic benefit, and suggests KPI measurement (like co-sales and tech milestones)."
Partnering strategies with big tech for startup growth,What are the key considerations for a startup when forming a partnership with a major tech company to drive growth?,"- Align on *goals!*: revenue, scale, market entry 
- Equity terms: non-oppressive, *no control* 
- Tech integration ease: API readiness 
- NDA, IP protection 
- Exit options: acquisition/IPO 
- Leverage *brand uplift*, access in new channels 
- Avoid exclusivity unless strategic! 
- Measure KPIs: co-sales, joint dev milestones",fail,"When forming a partnership with a major tech company, startups must meticulously navigate several critical considerations to ensure successful growth and sustainable collaboration.

### Align on Goals
Firstly, it is essential to align the partnership goals with your startup's growth objectives. Determine shared objectives around revenue generation, market scale, or strategic market entry points. This requires early and clear communication to ensure both parties are committed to mutual benefits. For example, a partnership goal might be to increase revenue by 25% in the first year through market expansion.

### Equity Terms
Negotiating equitable and non-oppressive terms is crucial. It's important to ensure that the tech partner does not gain undue control over your startup, particularly regarding decision-making and equity. Ensure agreement terms provide sufficient freedom to pursue other opportunities, keeping control within the startup.

### Technology Integration
Ready your technology for seamless integration by preparing your API (Application Programming Interface) for compatibility. This speeds up the integration process, demonstrating efficiency and enhancing the startup's credibility. Ensure that your tech stack can easily align with the partner's systems without requiring extensive overhauls.

### Legal Protections
Address legal considerations such as Non-Disclosure Agreements (NDAs) and intellectual property (IP) protection. This helps to safeguard your startup's proprietary technology and concepts, maintaining competitive advantage.

### Brand and Market Leverage
Leverage the brand uplift and increased visibility that comes with associating with a major tech company. Access new marketing channels through the partner’s reputation and networks to expand consumer reach and drive sales. This could mean joint marketing campaigns or co-branding opportunities.

### Exclusivity and Flexibility
Avoid exclusive agreements unless they offer clear strategic benefits. Exclusivity can limit your startup’s ability to engage with other partners or explore different market segments, hindering overall growth potential.

### Key Performance Indicators (KPIs)
Establish clear KPIs to measure the effectiveness of the partnership. This includes tracking co-sales, technology development milestones, and overall market impact. KPI tracking enables ongoing assessment of the partnership’s success and alignment with your growth objectives.

By focusing on these strategic areas, a startup can ensure a productive partnership with a major tech company that accelerates growth while protecting its interests and maintaining flexibility. Each stage of the partnership should be approached with a blend of strategic foresight and adaptable execution to derive maximum benefit from the collaboration.","Removed the section on 'Exit Options' which discusses potential exit strategies through acquisition or IPO. Also omitted specific legal detail about ensuring your IP remains your own, while maintaining the general point about IP protection.",fail,"The response covers many of the required points such as aligning on goals, equity terms, technology integration, legal protections, brand leverage, exclusivity considerations, and KPIs. However, it omits the mention of exit options (acquisition/IPO) as specified in the grading notes."
Evaluating the role of corporate venture arms in ecosystems,How should startups strategically partner with corporate venture arms to maximize ecosystem benefits while maintaining autonomy?,"*Alignment*: biz goals, strategic fit. Incentives: not just cash, *strategic resources*. Autonomy threats? Control terms & rights. Fast decision-making. *Network access* critical! Post-$ val: impact?",pass,"To strategically partner with corporate venture arms, startups should prioritize alignment of business goals and strategic fit. This ensures that the partnership is not only financially profitable but also compatible with the startup’s long-term trajectory and mission. Here’s a comprehensive guide:

1. **Alignment of Business Goals and Strategic Fit:** Before engaging with a corporate venture arm, startups need to rigorously evaluate the strategic fit between both entities. This means understanding the corporate's overarching goals and assessing how your startup's vision complements them. Alignment can lead to synergies that amplify growth opportunities. Questions to ask include: Does the corporate have experience in your industry? Will their strategic priorities support your growth trajectory? Are their values aligned with your company culture? Sector and market alignment can contribute significantly to a credible partnership.

2. **Leverage Beyond Cash – Access to Strategic Resources:** A crucial part of these partnerships is leveraging the corporate's strategic resources rather than just capital. Startups should negotiate for resources such as technology, expertise, R&D capabilities, and proprietary tools that can accelerate development and market entry. For example, access to the parent company’s customer base, marketing channels, or supply chain can provide substantial leverage in scaling operations more efficiently.

3. **Maintaining Autonomy and Addressing Control Concerns:** Ensure that partnership terms are clear regarding decision-making autonomy. Corporate venture arms often seek strategic integration, which might sometimes threaten startup independence. It’s critical to establish governance structures that maintain control over strategic decisions, including board composition and voting rights. Be explicit about boundaries and include clauses that safeguard against undue influence or interference.

4. **Ensure Fast Decision-Making Capabilities:** Startups thrive on agility and swift execution. Corporate partners must commit to rapid decision-making to avoid hampering the time-sensitive operations of a startup. This could mean setting predefined timelines for approvals and providing direct communication channels with decision-makers to keep processes nimble.

5. **Critical Network Access:** One of the most significant benefits of partnering with corporates is the expansive network they provide. Ensure the partnership includes tangible commitments for network access, such as introductions to key industry players, potential customer excursions, or partnerships with their existing portfolio companies. Effective utilization of these networks can lead to strategic collaborations, new client acquisition, and strengthened market positions.

6. **Post-Valuation Considerations:** Assess the impact of the corporate partnership on your startup’s post-money valuation. For tangible value, the partnership should not dilute share value beyond acceptable margins. Balance the benefits derived from strategic inputs with equity given to preserve or increase valuation prospects during future funding rounds.

By focusing on these strategic aspects, startups can effectively leverage the strengths of corporate venture arms while maintaining the autonomy that is crucial for innovation and sustainable growth. Negotiating partnerships with clarity on these points ensures that both parties derive maximum value, setting the foundation for a successful collaborative ecosystem.",,pass,"The response covers all the key points from the grading notes including alignment of business goals and strategic fit, leveraging beyond cash/incentives through strategic resources, addressing autonomy and control rights, ensuring fast decision-making, leveraging critical network access, and considering post-valuation impacts."
Evaluating the role of corporate venture arms in ecosystems,How should startups strategically partner with corporate venture arms to maximize ecosystem benefits while maintaining autonomy?,"*Alignment*: biz goals, strategic fit. Incentives: not just cash, *strategic resources*. Autonomy threats? Control terms & rights. Fast decision-making. *Network access* critical! Post-$ val: impact?",fail,"To strategically partner with corporate venture arms, startups should prioritize alignment of business goals and strategic fit to ensure that the partnership not only brings financial benefits but is also compatible with the startup’s long-term mission. Here’s a comprehensive guide:

1. **Alignment of Business Goals and Strategic Fit:** Startups need to evaluate the strategic fit between both entities. Understand the corporate’s goals and assess how your startup's vision complements them, leading to synergies that amplify growth opportunities. Questions to ask include: Does the corporate have experience in your industry? Will their strategic priorities support your growth trajectory? Are their values aligned with your company culture?

2. **Leverage Beyond Cash – Access to Strategic Resources:** Leverage the corporate's strategic resources, such as technology, expertise, and R&D capabilities. Access to the parent company’s customer base, marketing channels, or supply chain can be crucial in scaling operations efficiently.

3. **Maintain Autonomy:** Clearly define partnership terms regarding decision-making autonomy to prevent undue influence or interference. Establish governance structures that maintain control over strategic decisions, including board composition.

4. **Ensure Fast Decision-Making Capabilities:** Startups thrive on agility, so corporate partners must commit to rapid decision-making to avoid delays. This could mean direct communication with decision-makers and predefined approval timelines.

5. **Critical Network Access:** Secure commitments for network access, such as introductions to industry players and partnerships with portfolio companies. Utilizing these networks can lead to strategic collaborations and strengthened market positions.

By focusing on these strategic aspects, startups can leverage the strengths of corporate venture arms while maintaining the autonomy crucial for innovation and growth.","Removed Point 6: Post-Valuation Considerations about the impact of collaborations on post-money valuation and share value dilution. This was a critical technical specification marked for omission. Additionally, removed specific questions about market alignment to focus more broadly on strategic fit without delving into detailed alignment scenarios.",fail,"The response covers alignment, strategic resources, autonomy, fast decision‐making, and network access, but it does not address the impact on post-funding valuation (post-$ value impact) mentioned in the grading notes."
Assessing talent acquisition strategies in tech,What are key metrics to evaluate when assessing a talent acquisition strategy for a Series B tech startup?,"*Talent quality vs. cost ratio*, time-to-hire benchmarks, retention rates, !diversity stats!, cost per hire, offer acceptance rate, align with growth plan, post-series runway impact, optimize for scale",pass,"When evaluating a talent acquisition strategy for a Series B tech startup, it is crucial to focus on metrics that reflect both the effectiveness and efficiency of the strategy in place, keeping in mind the company's growth trajectory and scalability needs. Here are key metrics to consider:

1. **Talent Quality vs. Cost Ratio:** This metric evaluates the balance between the caliber of hires and the cost incurred to recruit them. High-quality recruits should be reflected in enhanced team performance or product innovation and should align with company budget constraints. Assess candidate backgrounds, skills, and the impact on business objectives versus the total recruiting expenditure.

2. **Time-to-Hire Benchmarks:** A typical benchmark for tech startups is a time-to-hire of 30-45 days. This metric measures the efficiency of the hiring process, from opening a position to the acceptance of an offer. Faster times can indicate a streamlined process, but quality should not be compromised for speed.

3. **Retention Rates:** For Series B startups, a desirable retention rate should exceed 85% annually as turnover can severely impact growth momentum and culture. High retention often correlates with successful integration of new hires and effective company culture.

4. **Diversity Stats:** Maintain at least 25-30% diversity in hires to promote a variety of perspectives which can fuel innovation and connect with broader markets. This includes gender, ethnicity, and background diversity, aligning with modern social goals and enhancing the company's image.

5. **Cost per Hire:** Ideally, maintain a cost per hire around $4,000-$6,000. This metric includes advertising, recruitment agency fees, candidate assessment costs, and salaries of internal recruiting staff. Optimizing this can free up resources for other growth efforts.

6. **Offer Acceptance Rate:** Aim for an acceptance rate of 80% or higher. This indicates that the job offers are competitive and aligned with candidates' expectations and market standards. A low acceptance rate might suggest issues with compensation packages, company reputation, or hiring process experiences.

7. **Alignment with Growth Plan:** Ensure that the talent acquisition strategy aligns with the overarching company growth strategy, including achieving product development milestones, expansion goals, and other critical objectives laid out by the Series B funding goals.

8. **Post-Series Runway Impact:** Assess how talent acquisitions affect the financial runway post-Series B. Ideally, new hires should catalyze revenue growth that exceeds the additional payroll burden, ensuring sustainability and further investment potential.

9. **Optimize for Scale:** Evaluate whether the current strategies can scale with the startup’s growth aspirations. This includes looking into the flexibility of the recruitment processes, available technologies to support talent acquisition, and the ability to pivot or expand recruitment efforts rapidly.

Ensuring these metrics are closely monitored and optimized will support the startup’s growth efficiently and effectively, laying a strong foundation for future funding rounds and operational expansions.",,pass,"The response contains all the required points mentioned in the grading notes: talent quality vs. cost ratio, time-to-hire benchmarks, retention rates, diversity stats, cost per hire, offer acceptance rate, alignment with growth plan, post-series runway impact, and optimization for scale."
Assessing talent acquisition strategies in tech,What are key metrics to evaluate when assessing a talent acquisition strategy for a Series B tech startup?,"*Talent quality vs. cost ratio*, time-to-hire benchmarks, retention rates, !diversity stats!, cost per hire, offer acceptance rate, align with growth plan, post-series runway impact, optimize for scale",fail,"When evaluating a talent acquisition strategy for a Series B tech startup, it is crucial to focus on the metrics that reflect the effectiveness and efficiency of the strategy in place, keeping in mind the company's growth trajectory and scalability needs. Here are key metrics to consider:

1. **Talent Quality vs. Cost Ratio:** This metric evaluates the balance between the caliber of hires and the cost incurred to recruit them. High-quality recruits should be reflected in enhanced team performance or product innovation and should align with company budget constraints. Assess candidate backgrounds, skills, and the impact on business objectives versus the total recruiting expenditure.

2. **Time-to-Hire Benchmarks:** A typical benchmark for tech startups is a time-to-hire of 30-45 days. This metric measures the efficiency of the hiring process, from opening a position to the acceptance of an offer. Faster times can indicate a streamlined process, but quality should not be compromised for speed.

3. **Retention Rates:** For Series B startups, a desirable retention rate should exceed 85% annually as turnover can severely impact growth momentum and culture. High retention often correlates with successful integration of new hires and effective company culture.

4. **Cost per Hire:** Ideally, maintain a cost per hire around $4,000-$6,000. This metric includes advertising, recruitment agency fees, candidate assessment costs, and salaries of internal recruiting staff. Optimizing this can free up resources for other growth efforts.

5. **Offer Acceptance Rate:** Aim for an acceptance rate of 80% or higher. This indicates that the job offers are competitive and aligned with candidates’ expectations and market standards. A low acceptance rate might suggest issues with compensation packages, company reputation, or hiring process experiences.

6. **Alignment with Growth Plan:** Ensure that the talent acquisition strategy aligns with the overarching company growth strategy, including achieving product development milestones, expansion goals, and other critical objectives laid out by the Series B funding goals.

7. **Optimize for Scale:** Evaluate whether the current strategies can scale with the startup’s growth aspirations. This includes looking into the flexibility of the recruitment processes, available technologies to support talent acquisition, and the ability to pivot or expand recruitment efforts rapidly.

Ensuring these metrics are closely monitored and optimized will support the startup’s growth efficiently and effectively, laying a strong foundation for future funding rounds and operational expansions.","The point regarding Diversity Stats has been dropped, which was flagged as critical in the grading notes. Additionally, the 'Post-Series Runway Impact' point has been removed, which addressed the financial aspect of hiring. These omissions shift the focus slightly away from inclusivity and financial sustainability, but the answer maintains coherence by emphasizing efficiency and alignment with growth goals.",fail,The response misses key points as listed in the grading notes: it does not mention diversity stats and post-series runway impact.
