idx,topic,expected,predicted,correct,reasoning,latency_s,stats,memory_used
105,Financial projections for hardware startups,False,False,True,"The code does not meet the requirements outlined in the problem statement. While it discusses key financial metrics relevant to hardware startups, it fails to address specific elements such as burn rate alignment with scaling, the typical 24-month runway, and the impact of CapEx on cash flow. Theref",51.8,"{'num_rollouts': 2, 'max_depth': 3, 'best_reward': 0.0, 'total_nodes': 7}","{'positive_examples': 0, 'negative_examples': 0, 'similar_issues': 0, 'semantic_patterns': 0, 'retrieval_type': 'standard_3type'}"
108,Capital efficiency metrics for startups,True,False,False,"The code does not implement any actual functionality or checks related to the financial metrics discussed. It merely outlines the metrics without providing a mechanism to evaluate or enforce them, which fails to meet the problem's requirements for code correctness.",53.1,"{'num_rollouts': 2, 'max_depth': 3, 'best_reward': 0.0, 'total_nodes': 7}","{'positive_examples': 0, 'negative_examples': 0, 'similar_issues': 0, 'semantic_patterns': 0, 'retrieval_type': 'standard_3type'}"
141,Valuation implications of tech stack choices,False,False,True,"The provided text is not a code implementation but rather a narrative analysis of tech stack choices and their impact on startup valuation. It lacks any actual code or programming logic, which is necessary for evaluating correctness in a coding context.",46.29,"{'num_rollouts': 2, 'max_depth': 3, 'best_reward': 0.0, 'total_nodes': 7}","{'positive_examples': 0, 'negative_examples': 0, 'similar_issues': 0, 'semantic_patterns': 0, 'retrieval_type': 'standard_3type'}"
55,Impact of ESG criteria on startup evaluations,False,False,True,"The provided text does not contain any executable code or functions, making it incorrect in the context of code correctness. It is purely a descriptive analysis of ESG integration without any programming elements.",46.38,"{'num_rollouts': 2, 'max_depth': 3, 'best_reward': 0.0, 'total_nodes': 7}","{'positive_examples': 0, 'negative_examples': 0, 'similar_issues': 0, 'semantic_patterns': 0, 'retrieval_type': 'standard_3type'}"
94,Role of incubators and accelerators in tech ecosystems,True,True,True,"The code correctly outlines the distinct roles and contributions of incubators and accelerators in the tech startup ecosystem. It logically presents their functions, resources, and success metrics without any computational errors or logical inconsistencies.",46.04,"{'num_rollouts': 2, 'max_depth': 3, 'best_reward': 1.1, 'total_nodes': 7}","{'positive_examples': 0, 'negative_examples': 0, 'similar_issues': 0, 'semantic_patterns': 0, 'retrieval_type': 'standard_3type'}"
29,Revenue forecasting methods for startups,False,False,True,The provided text is not actual code but rather a descriptive guideline for revenue forecasting. It lacks executable code elements and does not fulfill the criteria for correctness in a coding context.,47.43,"{'num_rollouts': 2, 'max_depth': 3, 'best_reward': 0.0, 'total_nodes': 7}","{'positive_examples': 0, 'negative_examples': 0, 'similar_issues': 0, 'semantic_patterns': 0, 'retrieval_type': 'standard_3type'}"
101,Assessing disruption potential in mature industries,False,False,True,"While the code provides a comprehensive framework for evaluating the disruption potential of a tech startup, it fails to address edge cases and specific constraints, which are critical for a complete analysis. This oversight indicates that the code is not fully correct.",40.79,"{'num_rollouts': 2, 'max_depth': 3, 'best_reward': 0.0, 'total_nodes': 7}","{'positive_examples': 0, 'negative_examples': 0, 'similar_issues': 0, 'semantic_patterns': 0, 'retrieval_type': 'standard_3type'}"
51,Differences between venture debt and equity funding,False,False,True,"[Note: subtask majority voted PASS, but global analysis concluded differently]
The code does not meet the criteria for correctness as it lacks traditional programming constructs like variables or functions. Instead, it presents a structured discussion, which does not align with the expected format o",79.89,"{'num_rollouts': 2, 'max_depth': 3, 'best_reward': 1.1, 'total_nodes': 7}","{'positive_examples': 0, 'negative_examples': 0, 'similar_issues': 0, 'semantic_patterns': 0, 'retrieval_type': 'standard_3type'}"
100,Assessing disruption potential in mature industries,True,False,False,"The provided text is not a code snippet but rather a structured analysis of factors affecting a tech startup's disruption potential. It lacks traditional code elements and does not execute any programming logic, thus failing to meet the criteria for correctness in a coding context.",46.93,"{'num_rollouts': 2, 'max_depth': 3, 'best_reward': 0.0, 'total_nodes': 7}","{'positive_examples': 0, 'negative_examples': 0, 'similar_issues': 0, 'semantic_patterns': 0, 'retrieval_type': 'standard_3type'}"
142,Use of special purpose acquisition companies (SPACs) in tech,True,False,False,"[Note: subtask majority voted PASS, but global analysis concluded differently]
The code does not directly address specific constraints related to time or SPAC processes, which is a critical aspect of the problem statement. While it provides a comprehensive guide on considerations for a SPAC merger, ",40.68,"{'num_rollouts': 2, 'max_depth': 3, 'best_reward': 1.1, 'total_nodes': 7}","{'positive_examples': 0, 'negative_examples': 0, 'similar_issues': 0, 'semantic_patterns': 0, 'retrieval_type': 'standard_3type'}"
19,Market timing for tech startups entering competitive spaces,False,False,True,"[Note: subtask majority voted PASS, but global analysis concluded differently]
The code snippet does not contain any programming constructs or executable logic; it is purely a descriptive guide. Therefore, it fails to meet the criteria for correctness in a coding context.",51.11,"{'num_rollouts': 2, 'max_depth': 3, 'best_reward': 1.1, 'total_nodes': 7}","{'positive_examples': 0, 'negative_examples': 0, 'similar_issues': 0, 'semantic_patterns': 0, 'retrieval_type': 'standard_3type'}"
84,Assessing market traction using KPIs,True,False,False,"The provided code snippet outlines important KPIs for assessing startup readiness for Series B funding but lacks any executable code or functionality to process inputs or produce outputs. Therefore, it does not meet the criteria for correctness.",72.15,"{'num_rollouts': 2, 'max_depth': 3, 'best_reward': 0.0, 'total_nodes': 7}","{'positive_examples': 0, 'negative_examples': 0, 'similar_issues': 0, 'semantic_patterns': 0, 'retrieval_type': 'standard_3type'}"
15,Strategies for startup business model pivots,False,False,True,"The code does not meet the criteria for correctness as it fails to address edge cases and lacks a traditional data flow analysis. While it provides a structured approach to evaluating a startup's pivot, it does not account for potential exceptions or variations in scenarios that could impact the piv",54.3,"{'num_rollouts': 2, 'max_depth': 3, 'best_reward': 0.0, 'total_nodes': 7}","{'positive_examples': 0, 'negative_examples': 0, 'similar_issues': 0, 'semantic_patterns': 0, 'retrieval_type': 'standard_3type'}"
66,Strategies for negotiating term sheets,True,False,False,"The provided text does not contain any actual code or programming logic; it is purely a descriptive analysis of negotiation points for a Series A term sheet. Therefore, it cannot be considered correct in the context of code correctness.",49.99,"{'num_rollouts': 2, 'max_depth': 3, 'best_reward': 0.0, 'total_nodes': 7}","{'positive_examples': 0, 'negative_examples': 0, 'similar_issues': 0, 'semantic_patterns': 0, 'retrieval_type': 'standard_3type'}"
24,Data privacy compliance for health tech,True,False,False,"[Note: subtask majority voted PASS, but global analysis concluded differently]
The provided text is not executable code but rather a detailed explanation of compliance requirements under HIPAA and GDPR. Therefore, it fails to meet the criteria for code correctness.",43.29,"{'num_rollouts': 2, 'max_depth': 3, 'best_reward': 1.1, 'total_nodes': 7}","{'positive_examples': 0, 'negative_examples': 0, 'similar_issues': 0, 'semantic_patterns': 0, 'retrieval_type': 'standard_3type'}"
30,Due diligence checklists for early-stage investments,True,False,False,"The provided code is not executable and lacks traditional programming constructs. It is a descriptive text rather than functional code, which fails to meet the criteria for correctness in a programming context.",43.06,"{'num_rollouts': 2, 'max_depth': 3, 'best_reward': 0.0, 'total_nodes': 7}","{'positive_examples': 0, 'negative_examples': 0, 'similar_issues': 0, 'semantic_patterns': 0, 'retrieval_type': 'standard_3type'}"
128,Strategic partnership evaluations in tech,True,True,True,"The code provides a thorough and structured evaluation framework for tech startups considering strategic partnerships. It addresses all critical factors outlined in the problem, ensuring completeness and functionality. Each point is relevant and contributes to a comprehensive understanding of the pa",63.69,"{'num_rollouts': 2, 'max_depth': 3, 'best_reward': 1.1, 'total_nodes': 7}","{'positive_examples': 0, 'negative_examples': 0, 'similar_issues': 0, 'semantic_patterns': 0, 'retrieval_type': 'standard_3type'}"
147,Market saturation risks in mature tech markets,False,False,True,"The provided text does not contain executable code or functions, which is essential for it to be considered correct code. It is a descriptive analysis rather than a code snippet, failing the output format criteria.",34.05,"{'num_rollouts': 2, 'max_depth': 3, 'best_reward': 0.0, 'total_nodes': 7}","{'positive_examples': 0, 'negative_examples': 0, 'similar_issues': 0, 'semantic_patterns': 0, 'retrieval_type': 'standard_3type'}"
98,Forecasting market entry for tech innovations,True,False,False,"The code snippet fails to address edge cases and does not incorporate any specific functionality or API usage, making it more of a descriptive analysis rather than executable code. While it provides valuable insights for evaluating market entry timing, it does not meet the criteria for correctness i",58.53,"{'num_rollouts': 2, 'max_depth': 3, 'best_reward': 0.0, 'total_nodes': 7}","{'positive_examples': 0, 'negative_examples': 0, 'similar_issues': 0, 'semantic_patterns': 0, 'retrieval_type': 'standard_3type'}"
16,Evaluating product-market fit in early-stage companies,True,True,True,"The code provides a comprehensive and logical framework for evaluating product-market fit in early-stage startups. It effectively outlines key metrics and strategies, ensuring clarity and structure in its presentation. Despite the data flow perspective indicating a failure, the overall completeness ",53.28,"{'num_rollouts': 2, 'max_depth': 3, 'best_reward': 1.1, 'total_nodes': 7}","{'positive_examples': 0, 'negative_examples': 0, 'similar_issues': 0, 'semantic_patterns': 0, 'retrieval_type': 'standard_3type'}"
75,Pricing strategies for tech startups,False,False,True,"The provided code does not contain any executable code or programming constructs; it is purely a strategic outline. Therefore, it fails to meet the criteria for correctness in a coding context.",36.51,"{'num_rollouts': 2, 'max_depth': 3, 'best_reward': 0.0, 'total_nodes': 7}","{'positive_examples': 0, 'negative_examples': 0, 'similar_issues': 0, 'semantic_patterns': 0, 'retrieval_type': 'standard_3type'}"
18,Market timing for tech startups entering competitive spaces,True,False,False,"[Note: subtask majority voted PASS, but global analysis concluded differently]
The provided text is not actual code but a descriptive guide for assessing market entry timing for startups. It lacks executable code elements, which is why it fails the output format criteria.",71.98,"{'num_rollouts': 2, 'max_depth': 3, 'best_reward': 1.1, 'total_nodes': 7}","{'positive_examples': 0, 'negative_examples': 0, 'similar_issues': 0, 'semantic_patterns': 0, 'retrieval_type': 'standard_3type'}"
12,Indicators of overvaluation in tech startups,True,False,False,"[Note: subtask majority voted PASS, but global analysis concluded differently]
While the code snippet comprehensively addresses the indicators for assessing tech startup overvaluation, it fails to provide a clear, actionable implementation or algorithmic approach to evaluate these indicators. It lac",58.98,"{'num_rollouts': 2, 'max_depth': 3, 'best_reward': 0.0, 'total_nodes': 7}","{'positive_examples': 0, 'negative_examples': 0, 'similar_issues': 0, 'semantic_patterns': 0, 'retrieval_type': 'standard_3type'}"
9,Understanding liquidation preferences in VC deals,False,False,True,"The provided text is not executable code; it is a descriptive analysis of liquidation preferences in venture capital deals. It fails to meet the criteria for code correctness as it lacks any programming structure, variables, or output format.",45.12,"{'num_rollouts': 2, 'max_depth': 3, 'best_reward': 0.0, 'total_nodes': 7}","{'positive_examples': 0, 'negative_examples': 0, 'similar_issues': 0, 'semantic_patterns': 0, 'retrieval_type': 'standard_3type'}"
31,Due diligence checklists for early-stage investments,False,False,True,"The provided text does not contain any actual code; it is a narrative description of due diligence for startups. Therefore, it fails to meet the criteria for code correctness.",52.58,"{'num_rollouts': 2, 'max_depth': 3, 'best_reward': 0.0, 'total_nodes': 7}","{'positive_examples': 0, 'negative_examples': 0, 'similar_issues': 0, 'semantic_patterns': 0, 'retrieval_type': 'standard_3type'}"
151,Valuation challenges for biotech startups,False,False,True,"The provided text is not actual code but rather a descriptive analysis of factors influencing investment decisions in early-stage biotech startups. It lacks executable code, functions, or any programming constructs, which is necessary for it to be considered 'correct' in a coding context.",47.52,"{'num_rollouts': 2, 'max_depth': 3, 'best_reward': 0.0, 'total_nodes': 7}","{'positive_examples': 0, 'negative_examples': 0, 'similar_issues': 0, 'semantic_patterns': 0, 'retrieval_type': 'standard_3type'}"
97,Analyzing exit trends in the tech industry,False,False,True,"The provided text is an analysis rather than executable code. It fails to meet the criteria for functionality and constraints, as it does not contain any actual programming code to evaluate for correctness.",53.65,"{'num_rollouts': 2, 'max_depth': 3, 'best_reward': 0.0, 'total_nodes': 7}","{'positive_examples': 0, 'negative_examples': 0, 'similar_issues': 0, 'semantic_patterns': 0, 'retrieval_type': 'standard_3type'}"
56,Blockchain and crypto startup valuation methods,True,False,False,"[Note: subtask majority voted PASS, but global analysis concluded differently]
The provided text is a descriptive analysis rather than executable code. It lacks any programming constructs, such as functions or variables, which are necessary for code correctness. Therefore, it fails to meet the crite",48.41,"{'num_rollouts': 2, 'max_depth': 3, 'best_reward': 1.1, 'total_nodes': 7}","{'positive_examples': 0, 'negative_examples': 0, 'similar_issues': 0, 'semantic_patterns': 0, 'retrieval_type': 'standard_3type'}"
131,Understanding customer segmentation in tech startups,False,False,True,"[Note: subtask majority voted PASS, but global analysis concluded differently]
While the code outlines a logical and comprehensive strategy for customer segmentation, it fails to fully address the completeness aspect of the problem statement. Key elements such as specific KPI analysis and detailed c",54.41,"{'num_rollouts': 2, 'max_depth': 3, 'best_reward': 1.1, 'total_nodes': 7}","{'positive_examples': 0, 'negative_examples': 0, 'similar_issues': 0, 'semantic_patterns': 0, 'retrieval_type': 'standard_3type'}"
104,Financial projections for hardware startups,True,False,False,"The code does not contain any actual programming logic or functionality; it is purely a descriptive narrative. Therefore, it fails to meet the criteria for correctness in a coding context.",43.83,"{'num_rollouts': 2, 'max_depth': 3, 'best_reward': 0.0, 'total_nodes': 7}","{'positive_examples': 0, 'negative_examples': 0, 'similar_issues': 0, 'semantic_patterns': 0, 'retrieval_type': 'standard_3type'}"
