idx,topic,expected,predicted,correct,reasoning,latency_s,stats
105,Financial projections for hardware startups,False,True,False,Global evaluation failed: Connection error.,37.97,"{'num_rollouts': 4, 'max_depth': 5, 'best_reward': 0.0, 'total_nodes': 21}"
108,Capital efficiency metrics for startups,True,True,True,Global evaluation failed: Connection error.,31.46,"{'num_rollouts': 4, 'max_depth': 5, 'best_reward': 0.0, 'total_nodes': 21}"
141,Valuation implications of tech stack choices,False,False,True,"[Note: subtask majority voted PASS, but global analysis concluded differently]
The provided text is not actual code but rather an analysis of tech stack choices impacting startup valuations. Therefore, it cannot be evaluated for correctness in a programming context.",100.41,"{'num_rollouts': 4, 'max_depth': 5, 'best_reward': 1.1, 'total_nodes': 21}"
55,Impact of ESG criteria on startup evaluations,False,False,True,"[Note: subtask majority voted PASS, but global analysis concluded differently]
The provided text is a narrative explanation rather than a functional code implementation. It lacks traditional programming elements such as variables, functions, or data transformations, which are necessary for evaluatin",128.03,"{'num_rollouts': 4, 'max_depth': 5, 'best_reward': 1.1, 'total_nodes': 21}"
94,Role of incubators and accelerators in tech ecosystems,True,False,False,"[Note: subtask majority voted PASS, but global analysis concluded differently]
The provided text is not executable code but rather a descriptive analysis of incubators and accelerators in the tech startup ecosystem. Therefore, it cannot be evaluated for correctness in a programming context.",125.49,"{'num_rollouts': 4, 'max_depth': 5, 'best_reward': 1.1, 'total_nodes': 21}"
29,Revenue forecasting methods for startups,False,False,True,"The provided code snippet is a conceptual outline rather than an actual implementation of code. It lacks specific programming constructs, data flow, and functionality necessary for execution, leading to failures in completeness, data flow, API usage, and output format.",168.83,"{'num_rollouts': 4, 'max_depth': 5, 'best_reward': 0.0, 'total_nodes': 21}"
101,Assessing disruption potential in mature industries,False,False,True,"The provided text is not actual code but a qualitative analysis framework. It lacks traditional programming constructs and does not execute any functions or processes, leading to a conclusion of incorrectness in the context of code evaluation.",138.62,"{'num_rollouts': 4, 'max_depth': 5, 'best_reward': 0.0, 'total_nodes': 21}"
51,Differences between venture debt and equity funding,False,False,True,"[Note: subtask majority voted PASS, but global analysis concluded differently]
The provided text is not actual code but rather a descriptive analysis of venture debt and equity funding. It lacks programming logic or functionality, which is necessary for code correctness. Therefore, it cannot be deem",125.14,"{'num_rollouts': 4, 'max_depth': 5, 'best_reward': 1.1, 'total_nodes': 21}"
100,Assessing disruption potential in mature industries,True,True,True,"The analysis provides a comprehensive framework for evaluating the disruption potential of tech startups in mature industries, addressing all critical points outlined in the problem statement. While it lacks traditional coding elements, it effectively fulfills the requirements of the task.",180.86,"{'num_rollouts': 4, 'max_depth': 5, 'best_reward': 1.1, 'total_nodes': 21}"
142,Use of special purpose acquisition companies (SPACs) in tech,True,False,False,The provided text is not executable code but rather a descriptive guide on considerations for SPAC mergers. It fails to meet the criteria for code correctness as it does not produce any output or functionality typical of programming code.,135.38,"{'num_rollouts': 4, 'max_depth': 5, 'best_reward': 0.0, 'total_nodes': 21}"
19,Market timing for tech startups entering competitive spaces,False,False,True,"The analysis indicates that the provided content lacks executable code, which is essential for assessing correctness in a programming context. While it offers valuable insights on market entry timing, it does not fulfill the requirements of a code snippet, leading to a conclusion of failure in terms",131.3,"{'num_rollouts': 4, 'max_depth': 5, 'best_reward': 0.0, 'total_nodes': 21}"
84,Assessing market traction using KPIs,True,False,False,"[Note: subtask majority voted PASS, but global analysis concluded differently]
The analysis indicates that while the framework for evaluating a startup's readiness for Series B funding is well-defined, it lacks actual code implementation. The absence of executable code means it does not fulfill the ",171.01,"{'num_rollouts': 4, 'max_depth': 5, 'best_reward': 1.1, 'total_nodes': 21}"
15,Strategies for startup business model pivots,False,False,True,"[Note: subtask majority voted PASS, but global analysis concluded differently]
The code does not produce any output or perform any traditional coding functions, which is essential for it to be considered correct in a programming context. While it effectively outlines a framework for evaluating a sta",140.11,"{'num_rollouts': 4, 'max_depth': 5, 'best_reward': 1.1, 'total_nodes': 21}"
66,Strategies for negotiating term sheets,True,False,False,"[Note: subtask majority voted PASS, but global analysis concluded differently]
The provided text is a descriptive analysis rather than executable code, failing to meet the criteria for code correctness. It does not handle inputs, edge cases, or computational logic, which are essential for evaluating",118.81,"{'num_rollouts': 4, 'max_depth': 5, 'best_reward': 1.1, 'total_nodes': 21}"
24,Data privacy compliance for health tech,True,False,False,"[Note: subtask majority voted PASS, but global analysis concluded differently]
The provided text is not a code implementation but rather an informational document outlining compliance requirements for health tech startups under HIPAA and GDPR. Therefore, it does not meet the criteria for correctness",107.52,"{'num_rollouts': 4, 'max_depth': 5, 'best_reward': 1.1, 'total_nodes': 21}"
30,Due diligence checklists for early-stage investments,True,False,False,"[Note: subtask majority voted PASS, but global analysis concluded differently]
The code snippet fails in completeness as it does not fully address the grading notes provided in the problem statement. While it covers key areas of due diligence, it lacks specific metrics and details mentioned in the g",101.38,"{'num_rollouts': 4, 'max_depth': 5, 'best_reward': 1.1, 'total_nodes': 21}"
128,Strategic partnership evaluations in tech,True,False,False,"[Note: subtask majority voted PASS, but global analysis concluded differently]
While the code snippet provides a comprehensive framework for evaluating strategic partnerships, it fails to address edge cases, such as handling empty inputs or boundary values. This oversight indicates that the code is ",117.04,"{'num_rollouts': 4, 'max_depth': 5, 'best_reward': 1.1, 'total_nodes': 21}"
147,Market saturation risks in mature tech markets,False,False,True,"The provided text is not actual code but rather a descriptive analysis of market conditions and strategic recommendations. It lacks any programming constructs such as variables, functions, or data flow, which are essential for code correctness.",94.3,"{'num_rollouts': 4, 'max_depth': 5, 'best_reward': 0.0, 'total_nodes': 21}"
98,Forecasting market entry for tech innovations,True,False,False,"[Note: subtask majority voted PASS, but global analysis concluded differently]
The provided text is a qualitative analysis rather than executable code. It lacks actual code implementation and does not address edge cases or output formats, leading to a conclusion that it does not meet the criteria fo",130.91,"{'num_rollouts': 4, 'max_depth': 5, 'best_reward': 1.1, 'total_nodes': 21}"
16,Evaluating product-market fit in early-stage companies,True,False,False,"[Note: subtask majority voted PASS, but global analysis concluded differently]
While the code provides a comprehensive overview of metrics for evaluating product-market fit, it fails in the context of API usage, as it does not incorporate any library functions or methods that can be evaluated for co",146.14,"{'num_rollouts': 4, 'max_depth': 5, 'best_reward': 1.1, 'total_nodes': 21}"
75,Pricing strategies for tech startups,False,False,True,"[Note: subtask majority voted PASS, but global analysis concluded differently]
While the code outlines a logical and comprehensive strategy for pricing in an early-stage SaaS startup, it lacks executable code, variables, or functions necessary for data flow analysis and output formatting. Therefore,",133.87,"{'num_rollouts': 4, 'max_depth': 5, 'best_reward': 1.1, 'total_nodes': 21}"
18,Market timing for tech startups entering competitive spaces,True,False,False,"The provided text is not actual code but rather a structured guide or framework for assessing market entry timing for startups. It lacks traditional programming elements such as functions, variables, or data flow, which are necessary for evaluating code correctness.",129.15,"{'num_rollouts': 4, 'max_depth': 5, 'best_reward': 0.0, 'total_nodes': 21}"
12,Indicators of overvaluation in tech startups,True,True,True,"The provided text outlines a comprehensive framework for assessing whether a tech startup is overvalued, addressing all critical indicators relevant to the problem statement. While it is not a traditional code snippet, it effectively serves its purpose by providing a structured analysis, thus meetin",164.12,"{'num_rollouts': 4, 'max_depth': 5, 'best_reward': 1.1, 'total_nodes': 21}"
9,Understanding liquidation preferences in VC deals,False,False,True,"The provided text is not actual code but rather a descriptive explanation of liquidation preferences in venture capital. Therefore, it cannot be evaluated for correctness in terms of programming functionality, constraints, or data flow.",118.63,"{'num_rollouts': 4, 'max_depth': 5, 'best_reward': 0.0, 'total_nodes': 21}"
31,Due diligence checklists for early-stage investments,False,False,True,"The provided text does not contain any executable code, but rather a descriptive analysis of due diligence for startups. Therefore, it fails to meet the criteria for code correctness.",116.79,"{'num_rollouts': 4, 'max_depth': 5, 'best_reward': 0.0, 'total_nodes': 21}"
151,Valuation challenges for biotech startups,False,False,True,"While the code snippet provides a comprehensive evaluation framework for early-stage biotech startups, it fails in completeness as it omits key points such as post-money valuation and regulatory hurdles. These elements are crucial for a thorough assessment, indicating that the code does not fully me",122.3,"{'num_rollouts': 4, 'max_depth': 5, 'best_reward': 0.0, 'total_nodes': 21}"
97,Analyzing exit trends in the tech industry,False,False,True,The provided text is a descriptive analysis rather than executable code. It fails to meet the criteria for correctness as it does not contain any actual code implementation or functionality that can be evaluated.,143.85,"{'num_rollouts': 4, 'max_depth': 5, 'best_reward': 0.0, 'total_nodes': 21}"
56,Blockchain and crypto startup valuation methods,True,False,False,"[Note: subtask majority voted PASS, but global analysis concluded differently]
The provided text is not executable code but rather a descriptive analysis of factors to consider when evaluating blockchain startups. While it offers valuable insights, it fails to meet the criteria for correctness in a ",153.58,"{'num_rollouts': 4, 'max_depth': 5, 'best_reward': 1.1, 'total_nodes': 21}"
131,Understanding customer segmentation in tech startups,False,True,False,"The code snippet effectively outlines a comprehensive strategy for customer segmentation that aligns with the problem statement. It addresses critical aspects such as product-market fit, strategic verticals, B2B vs B2C differences, ROI analysis, and adaptability based on data feedback. While there a",147.9,"{'num_rollouts': 4, 'max_depth': 5, 'best_reward': 1.1, 'total_nodes': 21}"
104,Financial projections for hardware startups,True,True,True,"The code snippet effectively outlines the key financial metrics relevant to hardware startups, aligning well with the problem statement. It addresses all critical aspects such as revenue growth rate, gross margin, burn rate, breakeven point, COGS reduction plan, and CapEx impact on cash flow. Despit",141.29,"{'num_rollouts': 4, 'max_depth': 5, 'best_reward': 1.1, 'total_nodes': 21}"
