idx,topic,expected,predicted,correct,reasoning,latency_s
105,Financial projections for hardware startups,False,True,False,"The agent's output successfully addresses all key points from the grading notes, including the revenue growth rate of at least 2x year over year, the importance of gross margin being above 40%, the clarity of the breakeven point, the need for a cost of goods sold (COGS) reduction plan, and the menti",6.74
108,Capital efficiency metrics for startups,True,True,True,"The response successfully addresses all the points mentioned in the grading notes, including revenue per dollar spent, ROIC >50%, payback <12mo, burn multiple <1.5x, CAC:LTV 3:1+, 18mo runway, unit economics, and the avoidance of vanity metrics. Each metric is explained in detail, showing a thorough",5.59
141,Valuation implications of tech stack choices,False,True,False,"The response successfully addresses all points mentioned in the grading notes, including scalability potential, development costs, integration ease, tech debt risks, the impact of cloud providers (AWS/GCP/Azure), talent pool considerations, and long-term maintenance costs. Each dimension is clearly ",3.14
55,Impact of ESG criteria on startup evaluations,False,True,False,"The output successfully addresses all key points mentioned in the grading notes regarding ESG integration. It covers risk mitigation, attracting impact investors, branding benefits, regulatory foresight, metrics related to environmental impact and social governance, compliance costs versus ROI, and ",2.78
94,Role of incubators and accelerators in tech ecosystems,True,True,True,"The response successfully includes all the points mentioned in the grading notes. It clearly describes the roles of incubators (early-stage, mentor access, workspace) and accelerators (bootcamp, equity stake, rapid growth) while also discussing the success metrics (survival rate >50%, follow-on fund",3.96
29,Revenue forecasting methods for startups,False,True,False,"The response thoroughly addresses all the points mentioned in the grading notes. It discusses the reliance on historical vs. forecasted revenue, explains both top-down and bottom-up methods, includes evidence of traction, emphasizes the importance of unbiased assumptions, specifies the need for deta",3.94
101,Assessing disruption potential in mature industries,False,True,False,"The output successfully addresses multiple points mentioned in the grading notes, including pain points, technological advantage, market entry barriers, scalability, management team experience, funding needs vs. runway, disruption timeframe, and network effects. However, it does not explicitly menti",3.97
51,Differences between venture debt and equity funding,False,True,False,"The response thoroughly addresses the grading notes by discussing debt repayment and the lack of dilution involved with venture debt. It mentions interest rates, compliance with covenants, equity implications regarding dilution and control shifts, and the financial impact of both funding types on bu",4.14
100,Assessing disruption potential in mature industries,True,True,True,"The response effectively addresses all the specified criteria from the grading notes, discussing pain points, technological advantages, market entry barriers, regulatory hurdles, scalability, post-valuation impact, management team experience, funding needs vs. runway, disruption timeframe, and netwo",3.92
142,Use of special purpose acquisition companies (SPACs) in tech,True,True,True,"The response comprehensively covers all the key points mentioned in the grading notes. It discusses the SPAC timeline, valuation alignment, PIPE deal size, dilution impact, regulatory scrutiny, management teams' track record, market conditions, post-deal performance, and investor alignment. Each poi",5.04
19,Market timing for tech startups entering competitive spaces,False,False,True,"The response contains detailed points about market signals, pre-launch preparation, and revenue targets. However, it fails to mention 'tech adoption curves', 'network effects', and 'war chest adequacy for scale', which were specified in the grading notes as essential criteria to assess. Therefore, i",6.01
84,Assessing market traction using KPIs,True,True,True,"The response effectively addresses all the key points mentioned in the grading notes for Series B funding. It discusses ARR growth of 100% YoY+, monthly active users, churn rate of less than 3%, NPS greater than 50, an LTV:CAC ratio of 3.5:1 or higher, and sales cycles under 90 days. Moreover, it em",4.25
15,Strategies for startup business model pivots,False,True,False,"The response effectively addresses all points mentioned in the grading notes. It identifies pivot drivers such as market shift and user feedback, discusses hypothesis validation, emphasizes customer development, and stresses the importance of capabilities realignment and team adaptability. Furthermo",3.0
66,Strategies for negotiating term sheets,True,True,True,"The response successfully covers all key points mentioned in the grading notes, including valuation caps, post-money valuation, liquidation preferences (1x+), anti-dilution mechanisms (full vs. weighted), board seats (1-2 investor representatives), and ESOP (10-20%). Therefore, it meets the criteria",3.12
24,Data privacy compliance for health tech,True,True,True,"The response thoroughly covers all the key points mentioned in the grading notes for both HIPAA and GDPR, including specifics about PHI, BAAs, security rules, consent, data access and rights to erasure, DPO requirements, and the impact of the Schrems II ruling. It also addresses the consequences of ",2.31
30,Due diligence checklists for early-stage investments,True,True,True,"The response successfully addresses all key points mentioned in the grading notes. It discusses the founders' track record by highlighting their history of success and grit in overcoming trials. Moreover, it covers market size by stating the importance of a market worth over $1BN and a growth rate e",3.55
128,Strategic partnership evaluations in tech,True,True,True,"The response thoroughly addresses all points mentioned in the grading notes, including market alignment, competitive mapping, technology stack integration, revenue share models, IP rights, post-valuation effects, cultural fit, due diligence, exit strategy, and partnership KPIs. Each element is discu",2.55
147,Market saturation risks in mature tech markets,False,True,False,"The response successfully addresses all the points mentioned in the grading notes. It discusses revenue growth plateau, high competition, low differentiation, and price wars impacting ROI. It also suggests a pivot or niche focus as essential strategy, aligning with the grading notes. Additionally, i",2.71
98,Forecasting market entry for tech innovations,True,True,True,"The response comprehensively addresses all points from the grading notes, discussing each aspect of timing for a startup's market entry in detail. It covers first-mover advantage versus fast-follower risk, market maturity, regulatory barriers, competitive landscape, TAM/SAM analysis, UI/UX readiness",3.44
16,Evaluating product-market fit in early-stage companies,True,True,True,"The response successfully addresses all points mentioned in the grading notes, including retention rates, customer feedback loops, NPS, engagement of early adopters, identification of pivots/red flags, tracking monthly active users, assessing repeat purchase frequency and volume, and competitive ana",3.48
75,Pricing strategies for tech startups,False,True,False,"The response comprehensively covers all the critical points from the grading notes. It emphasizes competitive pricing and value-based approaches, discusses promotional strategies linked to NPS, highlights the importance of measuring LTV:CAC, and addresses segment testing with clear pricing tiers. Ad",3.0
18,Market timing for tech startups entering competitive spaces,True,True,True,"The response successfully addresses all the specified criteria from the grading notes. It discusses market signals like demand peak, competitive saturation, and tech adoption curves. Furthermore, it elaborates on pre-launch preparations, including product development status, MVP readiness, and netwo",2.94
12,Indicators of overvaluation in tech startups,True,True,True,"The output effectively addresses all points from the grading notes, covering revenue growth versus market norms, the EV/Revenue ratio, post-money valuation comparisons, burn rate, LTV:CAC ratio for SaaS firms, lack of exit path, and investor mix.",2.9
9,Understanding liquidation preferences in VC deals,False,True,False,"The agent's output thoroughly addresses the grading notes on liquidation preferences, covering all specified points such as standard multiples (1x-3x), the distinction between participating and non-participating preferences, priority over common stock, the impact of anti-dilution provisions, and fou",4.12
31,Due diligence checklists for early-stage investments,False,False,True,"The output fails to address specific criteria mentioned in the grading notes. It discusses due diligence components but does not explicitly mention '18mo runway' or 'LTV:CAC 3:1+'. Additionally, no metrics are provided for market size, growth rate, or financial specifics, meaning critical details ar",6.19
151,Valuation challenges for biotech startups,False,False,True,"The response fails to explicitly mention 'post-$ valuation' and 'regulatory hurdles', which are critical elements from the grading notes. Although other key factors are discussed in detail, the omission of these specific points means that it does not fully meet the evaluation criteria.",4.27
97,Analyzing exit trends in the tech industry,False,True,False,"The response thoroughly covers all the points mentioned in the grading notes, including M&A vs IPO percentages, average exit valuation, timeline trends from 2018-2023, top acquirers, fund return rates, and the impact of market cycles. Each point is addressed with detailed analysis and relevant insig",2.76
56,Blockchain and crypto startup valuation methods,True,True,True,"The response successfully addresses all points from the grading notes, providing detailed explanations on each aspect including tokenomics, network effects, regulatory compliance, team expertise, market size, use case viability, token utility, partnerships, and valuation comparisons. Each point is c",3.45
131,Understanding customer segmentation in tech startups,False,True,False,"The response comprehensively covers all points from the grading notes, including achieving product-market fit, identifying strategic verticals, differentiating between B2B and B2C strategies, emphasizing KPI tracking, minimizing churn impacts, conducting ROI analysis, and ensuring adaptability based",3.09
104,Financial projections for hardware startups,True,True,True,"The response thoroughly covers all points mentioned in the grading notes. It specifically addresses the revenue growth rate, gross margin, burn rate and cash runway, breakeven point, COGS reduction plan, and CapEx impact on cash flow. Each metric is explained in detail, demonstrating an understandin",2.44
