idx,topic,expected,predicted,correct,reasoning,latency_s,memory_used
105,Financial projections for hardware startups,False,False,True,"The response addresses important financial projection metrics for hardware startups, but it fails to explicitly mention several key criteria from the grading notes. Notably, it lacks specific references to burn rate alignment with scaling, typical runway (24 months), and CapEx impact on cash flow, w",21.07,"{'positive_examples': 0, 'negative_examples': 0, 'similar_issues': 0, 'semantic_patterns': 0}"
108,Capital efficiency metrics for startups,True,True,True,"The response effectively addresses all the key metrics from the grading notes, providing a comprehensive breakdown of each one and how they contribute to appealing to Series A investors. It covers metrics such as Revenue Per Dollar Spent, ROIC, Payback Period, Burn Multiple, CAC:LTV ratio, runway, u",3.84,"{'positive_examples': 0, 'negative_examples': 1, 'similar_issues': 3, 'semantic_patterns': 1}"
141,Valuation implications of tech stack choices,False,True,False,"The response effectively addresses all the key points from the grading notes, including scalability potential, development costs, integration ease, tech debt risks, cloud provider impacts, talent pool considerations, and long-term maintenance costs. Each aspect is discussed in detail, demonstrating ",4.26,"{'positive_examples': 1, 'negative_examples': 1, 'similar_issues': 3, 'semantic_patterns': 1}"
55,Impact of ESG criteria on startup evaluations,False,True,False,"The response comprehensively addresses all key points from the grading notes. It discusses risk mitigation through ESG integration, emphasizes attracting impact investors, highlights the branding benefits, and mentions regulatory foresight. The importance of tracking ESG metrics and the warning agai",3.29,"{'positive_examples': 2, 'negative_examples': 1, 'similar_issues': 3, 'semantic_patterns': 1}"
94,Role of incubators and accelerators in tech ecosystems,True,True,True,"The response thoroughly covers all points mentioned in the grading notes. It clearly distinguishes between incubators and accelerators, addressing their unique features such as early-stage support, mentorship access, and workspace for incubators, and intensive bootcamp structure, equity stakes, and ",4.2,"{'positive_examples': 3, 'negative_examples': 1, 'similar_issues': 3, 'semantic_patterns': 1}"
29,Revenue forecasting methods for startups,False,True,False,"The response thoroughly addresses all points from the grading notes. It discusses the importance of historical vs. forecasted revenue, presents both top-down and bottom-up methods, emphasizes traction evidence, and underscores the need for unbiased assumptions. Additionally, it covers the importance",3.9,"{'positive_examples': 3, 'negative_examples': 1, 'similar_issues': 3, 'semantic_patterns': 1}"
101,Assessing disruption potential in mature industries,False,True,False,"The response effectively addresses all specified criteria from the grading notes. It discusses pain points, technological advantage, market entry barriers, incumbents' response, regulatory hurdles, scalability, management team experience, funding needs vs. runway, disruption timeframe, and network e",3.26,"{'positive_examples': 3, 'negative_examples': 1, 'similar_issues': 3, 'semantic_patterns': 1}"
51,Differences between venture debt and equity funding,False,True,False,"The response effectively covers all the critical points from the grading notes. It addresses debt repayment, dilution concerns, interest rates, covenants compliance, control shifts when considering equity, and the financial impacts of both funding types. Additionally, it implies the expectation of v",3.71,"{'positive_examples': 3, 'negative_examples': 1, 'similar_issues': 3, 'semantic_patterns': 0}"
100,Assessing disruption potential in mature industries,True,True,True,"The response thoroughly addresses all specified criteria from the grading notes. Each point outlined—from addressing pain points, technological advantages, and regulatory hurdles, to scalability and the management team's experience—is clearly articulated with relevant industry examples, demonstratin",3.5,"{'positive_examples': 3, 'negative_examples': 1, 'similar_issues': 3, 'semantic_patterns': 1}"
142,Use of special purpose acquisition companies (SPACs) in tech,True,True,True,"The response comprehensively addresses all points outlined in the grading notes. It covers the SPAC timeline, valuation alignment, PIPE deal size, dilution impact, regulatory scrutiny, management teams' track record, market conditions, post-deal performance, and investor alignment. Each aspect is di",3.78,"{'positive_examples': 3, 'negative_examples': 1, 'similar_issues': 3, 'semantic_patterns': 1}"
19,Market timing for tech startups entering competitive spaces,False,False,True,"The response fails to address all the specified criteria from the grading notes. While it discusses market signals including demand peak and competitive saturation, it does not mention tech adoption curves. Additionally, the section on pre-launch preparation covers product development status and MVP",22.28,"{'positive_examples': 3, 'negative_examples': 1, 'similar_issues': 3, 'semantic_patterns': 0}"
84,Assessing market traction using KPIs,True,True,True,"The response comprehensively addresses all the key performance indicators outlined in the grading notes. It discusses ARR growth, active users, churn rate, NPS, LTV:CAC ratio, sales cycle, and expansion revenue while emphasizing the importance of providing case studies and testimonials. This alignme",3.63,"{'positive_examples': 3, 'negative_examples': 2, 'similar_issues': 5, 'semantic_patterns': 1}"
15,Strategies for startup business model pivots,False,True,False,"The response thoroughly addresses all the points from the grading notes, including identifying pivot drivers such as market shift and user feedback, validating hypotheses, discussing customer development, capabilities realignment, team adaptability, stakeholder buy-in, and preserving core competenci",3.27,"{'positive_examples': 3, 'negative_examples': 2, 'similar_issues': 5, 'semantic_patterns': 1}"
66,Strategies for negotiating term sheets,True,True,True,"The response thoroughly addresses all key points from the grading notes. It covers valuation caps, post-money valuation, liquidation preferences, anti-dilution protection (both full ratchet and weighted average), board seats, and the employee stock option plan. Each point is clearly articulated, sho",3.52,"{'positive_examples': 3, 'negative_examples': 2, 'similar_issues': 5, 'semantic_patterns': 1}"
24,Data privacy compliance for health tech,True,True,True,"The response thoroughly covers all points mentioned in the grading notes. It discusses HIPAA components including PHI, BAAs, and the Security Rule, as well as GDPR aspects such as Consent, data access rights, and DPO requirements. Additionally, it addresses the impact of the Schrems II ruling on cro",4.42,"{'positive_examples': 3, 'negative_examples': 2, 'similar_issues': 5, 'semantic_patterns': 0}"
30,Due diligence checklists for early-stage investments,True,True,True,"The response fully covers all points mentioned in the grading notes. It discusses the founders' track record with a focus on history of success and grit, addresses market size with emphasis on $1BN+ potential and growth rate over 10%, and details financial metrics including burn rate, 18-month runwa",4.47,"{'positive_examples': 3, 'negative_examples': 2, 'similar_issues': 5, 'semantic_patterns': 1}"
128,Strategic partnership evaluations in tech,True,True,True,"The response effectively addresses all the critical factors outlined in the grading notes for evaluating strategic partnerships for tech startups. Each point mentioned in the grading notes is thoroughly discussed, including market alignment, competitive mapping, technology stack integration, revenue",3.2,"{'positive_examples': 3, 'negative_examples': 2, 'similar_issues': 5, 'semantic_patterns': 1}"
147,Market saturation risks in mature tech markets,False,False,True,"The response fails to explicitly mention 'revenue growth plateau' and 'decreasing QoQ', both of which are crucial points from the grading notes. While it touches on some relevant issues, it lacks a direct reference to these specific aspects, undermining alignment with the grading criteria. Furthermo",12.63,"{'positive_examples': 3, 'negative_examples': 2, 'similar_issues': 5, 'semantic_patterns': 1}"
98,Forecasting market entry for tech innovations,True,True,True,"The response thoroughly addresses all the specified criteria from the grading notes, including first-mover advantage, market maturity, regulatory barriers, competitive landscape, TAM/SAM analysis, UI/UX readiness, MVP feedback, pilot results, early adopters' enthusiasm, and the 18-month runway. Each",4.14,"{'positive_examples': 3, 'negative_examples': 3, 'similar_issues': 5, 'semantic_patterns': 1}"
16,Evaluating product-market fit in early-stage companies,True,True,True,"The response comprehensively addresses all points outlined in the grading notes, including retention rates over 25%, establishing customer feedback loops, achieving an NPS of 40+, ensuring engagement of early adopters, monitoring for potential pivots and red flags, tracking Monthly Active Users (MAU",3.42,"{'positive_examples': 3, 'negative_examples': 3, 'similar_issues': 5, 'semantic_patterns': 1}"
75,Pricing strategies for tech startups,False,True,False,"The response thoroughly addresses all points outlined in the grading notes. It discusses competitive pricing and value-based approaches, mentions promotional offers linked to NPS, emphasizes the importance of testing with segments and establishing clarity in pricing tiers, highlights monitoring of c",4.4,"{'positive_examples': 3, 'negative_examples': 2, 'similar_issues': 5, 'semantic_patterns': 1}"
18,Market timing for tech startups entering competitive spaces,True,True,True,"The response thoroughly addresses all specified criteria from the grading notes, including market signals, pre-launch preparation, fundraising considerations, and early revenue targets. Each key point is directly mentioned and explained, making it a comprehensive guide for assessing market entry tim",3.39,"{'positive_examples': 3, 'negative_examples': 2, 'similar_issues': 5, 'semantic_patterns': 0}"
12,Indicators of overvaluation in tech startups,True,True,True,"The response effectively addresses all points mentioned in the grading notes, discussing revenue growth versus market norms, the EV/Revenue ratio, post-money valuation versus comparables, burn rate, LTV:CAC ratios for SaaS, lack of exit path, and investor mix. Each key metric is clearly elaborated, ",3.34,"{'positive_examples': 3, 'negative_examples': 3, 'similar_issues': 5, 'semantic_patterns': 1}"
9,Understanding liquidation preferences in VC deals,False,True,False,"The response thoroughly covers all the key points mentioned in the grading notes about liquidation preferences. It discusses the standard multiples (1x-3x), the difference between participating and non-participating preferences, the priority over common stock, anti-dilution provisions, and the impli",3.93,"{'positive_examples': 3, 'negative_examples': 1, 'similar_issues': 5, 'semantic_patterns': 0}"
31,Due diligence checklists for early-stage investments,False,False,True,"The response fails to address all the specified criteria from the grading notes. It discusses the founders' track record and market potential but does not mention the market size criteria, the 18-month runway, or the LTV:CAC ratio of 3:1+. Without these key financial metrics and specific growth indi",18.56,"{'positive_examples': 3, 'negative_examples': 2, 'similar_issues': 5, 'semantic_patterns': 1}"
151,Valuation challenges for biotech startups,False,False,True,"The response addresses several key aspects of the grading notes, including pipeline robustness, technical differentiation, TAM, milestones, and exit paths. However, it fails to include explicit mention of post-money valuation and regulatory hurdles, which are also critical components of the grading ",12.53,"{'positive_examples': 3, 'negative_examples': 2, 'similar_issues': 5, 'semantic_patterns': 1}"
97,Analyzing exit trends in the tech industry,False,True,False,"The response effectively addresses all specified points from the grading notes, including the percentages of M&A vs IPOs, average exit valuations, timeline trends from 2018-2023, top acquirers in the tech sector, the impact of market cycles on exit strategies, and the return rates associated with th",4.74,"{'positive_examples': 3, 'negative_examples': 3, 'similar_issues': 5, 'semantic_patterns': 1}"
56,Blockchain and crypto startup valuation methods,True,True,True,"The response successfully addresses all the specified criteria from the grading notes. It includes detailed information on tokenomics, network effects, regulatory compliance, team expertise, market size estimation, use case viability, token utility, partnerships, and pre-money valuation comparisons.",3.06,"{'positive_examples': 3, 'negative_examples': 3, 'similar_issues': 5, 'semantic_patterns': 1}"
131,Understanding customer segmentation in tech startups,False,True,False,"The response effectively addresses all points specified in the grading notes. It emphasizes the importance of achieving product-market fit first, identifies strategic verticals, differentiates between B2B and B2C strategies, and discusses KPI tracking including churn impact and CLV variances. Additi",3.9,"{'positive_examples': 3, 'negative_examples': 3, 'similar_issues': 5, 'semantic_patterns': 1}"
104,Financial projections for hardware startups,True,False,False,"The response effectively covers key financial metrics relevant to hardware startups, such as revenue growth rate, gross margin, burn rate, and cash runway. However, it fails to specifically mention the COGS reduction plan and the impact of CapEx on cash flow, which are crucial points from the gradin",14.61,"{'positive_examples': 3, 'negative_examples': 3, 'similar_issues': 5, 'semantic_patterns': 1}"
